reaction_id,reactants,products,rate_constant,reaction_family,reaction_phase,publication_string,publication_doi,underlying_data_publication_string,underlying_data_publication_doi,Notes
R001,O3,O3P,O3O3P_NASA06,RACM2,gas,Goliff et al. 2013,https://doi.org/10.1016/j.atmosenv.2012.11.038,NA,NA,NA
R002,O3,O1D,O3O1D_NASA06,RACM2,gas,Goliff et al. 2013,https://doi.org/10.1016/j.atmosenv.2012.11.038,NA,NA,NA
R003,H2O2,2.00000*HO,H2O2_RACM2,RACM2,gas,Goliff et al. 2013,https://doi.org/10.1016/j.atmosenv.2012.11.038,NA,NA,NA
R004,NO2,O3P+NO,NO2_RACM2,RACM2,gas,Goliff et al. 2013,https://doi.org/10.1016/j.atmosenv.2012.11.038,NA,NA,NA
R005,NO3,NO,NO3NO_RACM2,RACM2,gas,Goliff et al. 2013,https://doi.org/10.1016/j.atmosenv.2012.11.038,NA,NA,NA
R006,NO3,O3P+NO2,NO3NO2_RACM2,RACM2,gas,Goliff et al. 2013,https://doi.org/10.1016/j.atmosenv.2012.11.038,NA,NA,NA
R007,HONO,HO+NO,HONO_RACM2,RACM2,gas,Goliff et al. 2013,https://doi.org/10.1016/j.atmosenv.2012.11.038,NA,NA,NA
R008,HNO3,HO+NO2,HNO3_RACM2,RACM2,gas,Goliff et al. 2013,https://doi.org/10.1016/j.atmosenv.2012.11.038,NA,NA,NA
R009,HNO4,0.20000*HO+0.80000*HO2+0.80000*NO2+0.20000*NO3,HNO4_RACM2,RACM2,gas,Goliff et al. 2013,https://doi.org/10.1016/j.atmosenv.2012.11.038,NA,NA,NA
R010,HCHO,CO,HCHO_MOL_JPL19,RACM2,gas,Goliff et al. 2013,https://doi.org/10.1016/j.atmosenv.2012.11.038,NA,NA,NA
R011,HCHO,2.00000*HO2+CO,HCHO_RAD_JPL19,RACM2,gas,Goliff et al. 2013,https://doi.org/10.1016/j.atmosenv.2012.11.038,NA,NA,NA
R012,ACD,HO2+MO2+CO,CH3CHO_RACM2,RACM2,gas,Goliff et al. 2013,https://doi.org/10.1016/j.atmosenv.2012.11.038,NA,NA,NA
R013,ALD,HO2+ETHP+CO,ALD_JPL19,CRACMM1,gas,Pye et al. 2023,https://doi.org/10.5194/acp-23-5043-2023,NA,NA,NA
R014,ACT,MO2+ACO3,CH3COCH3A_JPL19,CRACMM1,gas,Pye et al. 2023,https://doi.org/10.5194/acp-23-5043-2023,NA,NA,NA
R014a,ACT,2.00000*MO2+CO,CH3COCH3B_JPL19,CRACMM1,gas,Pye et al. 2023,https://doi.org/10.5194/acp-23-5043-2023,NA,NA,NA
R015,UALD,1.22000*HO2+0.78400*ACO3+1.22000*CO+0.35000*HCHO+0.43400*ALD+0.21600*KET,UALD_RACM2,RACM2,gas,Goliff et al. 2013,https://doi.org/10.1016/j.atmosenv.2012.11.038,NA,NA,NA
TRP01,PINAL,HO2+HC10P+CO,ALD_JPL19,CRACMM1,gas,Pye et al. 2023,https://doi.org/10.5194/acp-23-5043-2023,NA,NA,NA
TRP02,LIMAL,HO2+HC10P+CO,ALD_JPL19,CRACMM1,gas,Pye et al. 2023,https://doi.org/10.5194/acp-23-5043-2023,NA,NA,NA
R016,MEK,0.10000*MO2+ETHP+0.90000*ACO3+0.10000*CO,MEK_JGR19,CRACMM1,gas,Pye et al. 2023,https://doi.org/10.5194/acp-23-5043-2023,NA,NA,NA
R017,KET,1.50000*ETHP+0.50000*ACO3+0.50000*CO,KET_JGR19,CRACMM1,gas,Pye et al. 2023,https://doi.org/10.5194/acp-23-5043-2023,NA,NA,NA
R018,HKET,HO2+ACO3+HCHO,HKET_RACM2,RACM2,gas,Goliff et al. 2013,https://doi.org/10.1016/j.atmosenv.2012.11.038,NA,NA,NA
R019,MACR,0.34000*HO+0.66000*HO2+0.67000*ACO3+0.33000*MACP+0.34000*XO2+0.67000*CO+0.67000*HCHO,MACR_RACM2,RACM2,gas,Goliff et al. 2013,https://doi.org/10.1016/j.atmosenv.2012.11.038,NA,NA,NA
R020,MVK,0.30000*MO2+0.30000*MACP+0.70000*CO+0.70000*UALD,MVK_RACM2,RACM2,gas,Goliff et al. 2013,https://doi.org/10.1016/j.atmosenv.2012.11.038,NA,NA,NA
R021,GLY,2.00000*CO,GLYH2_RACM2,RACM2,gas,Goliff et al. 2013,https://doi.org/10.1016/j.atmosenv.2012.11.038,NA,NA,NA
R022,GLY,HCHO+CO,GLYF_RACM2,RACM2,gas,Goliff et al. 2013,https://doi.org/10.1016/j.atmosenv.2012.11.038,NA,NA,NA
R023,GLY,2.00000*HO2+2.00000*CO,GLYHX_RACM2,RACM2,gas,Goliff et al. 2013,https://doi.org/10.1016/j.atmosenv.2012.11.038,NA,NA,NA
R024,MGLY,HO2+ACO3+CO,MGLY_RACM2,RACM2,gas,Goliff et al. 2013,https://doi.org/10.1016/j.atmosenv.2012.11.038,NA,NA,NA
R025,DCB1,1.50000*HO2+0.25000*ACO3+0.20000*XO2+CO+0.50000*GLY+0.50000*MGLY,MGLY_RACM2,RACM2,gas,Goliff et al. 2013,https://doi.org/10.1016/j.atmosenv.2012.11.038,NA,NA,NA
R026,DCB2,1.50000*HO2+0.25000*ACO3+0.20000*XO2+CO+0.50000*GLY+0.50000*MGLY,MGLY_RACM2,RACM2,gas,Goliff et al. 2013,https://doi.org/10.1016/j.atmosenv.2012.11.038,NA,NA,NA
R027,BALD,CHO+HO2+CO,BALD_RACM2,RACM2,gas,Goliff et al. 2013,https://doi.org/10.1016/j.atmosenv.2012.11.038,NA,NA,NA
R028,OP1,HO+HO2+HCHO,OP1_RACM2,RACM2,gas,Goliff et al. 2013,https://doi.org/10.1016/j.atmosenv.2012.11.038,NA,NA,NA
R029,OP2,HO+HO2+ALD,OP1_RACM2,RACM2,gas,Goliff et al. 2013,https://doi.org/10.1016/j.atmosenv.2012.11.038,NA,NA,NA
TRP03,OPB,HO+HO2+ALD,OP1_RACM2,CRACMM1,gas,Pye et al. 2023,https://doi.org/10.5194/acp-23-5043-2023,NA,NA,NA
R029a,VOP3,HO+HO2+ALD,OP1_RACM2,CRACMM1,gas,Pye et al. 2023,https://doi.org/10.5194/acp-23-5043-2023,NA,NA,NA
R030,PAA,HO+MO2,PAA_RACM2,RACM2,gas,Goliff et al. 2013,https://doi.org/10.1016/j.atmosenv.2012.11.038,NA,NA,NA
R031,ONIT,HO2+NO2+0.20000*ALD+0.80000*KET,ONIT_RACM2,RACM2,gas,Goliff et al. 2013,https://doi.org/10.1016/j.atmosenv.2012.11.038,NA,NA,NA
R032,PAN,ACO3+NO2,PAN1_RACM2,RACM2,gas,Goliff et al. 2013,https://doi.org/10.1016/j.atmosenv.2012.11.038,NA,NA,NA
R033,PAN,MO2+NO3,PAN2_RACM2,RACM2,gas,Goliff et al. 2013,https://doi.org/10.1016/j.atmosenv.2012.11.038,NA,NA,NA
TRP55,VTRPN,NO2+0.67000*KET+0.33000*UALD,ONIT_RACM2,CRACMM2,gas,Skipper et al. 2024,https://doi.org/10.5194/acp-24-12903-2024,Fisher et al. 2016,https://doi.org/10.5194/acp-16-5969-2016,Photolysis rates of monoterpene nitrates are set to the same rate as the other organic nitrate species in CRACMM (ONIT). Photolysis products are NO2 and fragmentation products.
TRP56,VHONIT,HKET+NO2,ONIT_RACM2,CRACMM2,gas,Skipper et al. 2024,https://doi.org/10.5194/acp-24-12903-2024,Fisher et al. 2016,https://doi.org/10.5194/acp-16-5969-2016,Photolysis rates of monoterpene nitrates are set to the same rate as the other organic nitrate species in CRACMM (ONIT). Photolysis products are NO2 and fragmentation products.
R034,O3+HO,HO2,1.7000E-12*exp(-9.4000E+02/T),RACM2,gas,Goliff et al. 2013,https://doi.org/10.1016/j.atmosenv.2012.11.038,NA,NA,NA
R035,O3+HO2,HO,1.0000E-14*exp(-4.9000E+02/T),RACM2,gas,Goliff et al. 2013,https://doi.org/10.1016/j.atmosenv.2012.11.038,NA,NA,NA
R036,O3+NO,NO2,3.0000E-12*exp(-1.5000E+03/T),CRACMM1,gas,Pye et al. 2023,https://doi.org/10.5194/acp-23-5043-2023,NA,NA,NA
R037,O3+NO2,NO3,1.2000E-13*exp(-2.4500E+03/T),CRACMM1,gas,Pye et al. 2023,https://doi.org/10.5194/acp-23-5043-2023,NA,NA,NA
R038,O3P+O2+M,O3,6.1000E-34*(T/300)^(-2.4000E+00),CRACMM1,gas,Pye et al. 2023,https://doi.org/10.5194/acp-23-5043-2023,NA,NA,NA
R039,O3P+O3,,8.0000E-12*exp(-2.0600E+03/T),RACM2,gas,Goliff et al. 2013,https://doi.org/10.1016/j.atmosenv.2012.11.038,NA,NA,NA
R040,O1D+O2,O3P,3.3000E-11*exp(5.5000E+01/T),CRACMM1,gas,Pye et al. 2023,https://doi.org/10.5194/acp-23-5043-2023,NA,NA,NA
R041,O1D+N2,O3P,2.1500E-11*exp(1.1000E+02/T),CRACMM1,gas,Pye et al. 2023,https://doi.org/10.5194/acp-23-5043-2023,NA,NA,NA
R042,O1D+H2O,2.00000*HO,1.6300E-10*exp(6.0000E+01/T),CRACMM1,gas,Pye et al. 2023,https://doi.org/10.5194/acp-23-5043-2023,NA,NA,NA
R043,HO+H2,HO2,2.8000E-12*exp(-1.8000E+03/T),CRACMM1,gas,Pye et al. 2023,https://doi.org/10.5194/acp-23-5043-2023,NA,NA,NA
R044,HO+HO2,,4.8000E-11*exp(2.5000E+02/T),RACM2,gas,Goliff et al. 2013,https://doi.org/10.1016/j.atmosenv.2012.11.038,NA,NA,NA
R045,HO2+HO2,H2O2,k0=3.0000E-13*exp(4.6000E+02/T);k1=2.1000E-33*exp(9.2000E+02/T),CRACMM1,gas,Pye et al. 2023,https://doi.org/10.5194/acp-23-5043-2023,NA,NA,NA
R046,HO2+HO2+H2O,H2O2,k0=4.2000E-34*exp(2.6600E+03/T);k1=2.9400E-54*exp(3.1200E+03/T),CRACMM1,gas,Pye et al. 2023,https://doi.org/10.5194/acp-23-5043-2023,NA,NA,NA
R047,H2O2+HO,HO2,1.8000E-12*exp(0.0000E+00/T),CRACMM1,gas,Pye et al. 2023,https://doi.org/10.5194/acp-23-5043-2023,NA,NA,NA
R048,NO+O3P,NO2,ko=9.1000E-32*exp(0.0000E+00/T)*(T/300)^-1.5000E+00;kinf=3.0000E-11*exp(0.0000E+00/T)*(T/300)^0.0000E+00;n=1.0000E+00;F=6.0000E-01,CRACMM1,gas,Pye et al. 2023,https://doi.org/10.5194/acp-23-5043-2023,NA,NA,NA
R049,NO+HO,HONO,ko=7.1000E-31*exp(0.0000E+00/T)*(T/300)^-2.6000E+00;kinf=3.6000E-11*exp(0.0000E+00/T)*(T/300)^-1.0000E-01;n=1.0000E+00;F=6.0000E-01,CRACMM1,gas,Pye et al. 2023,https://doi.org/10.5194/acp-23-5043-2023,NA,NA,NA
R050,NO+HO2,NO2+HO,3.4400E-12*exp(2.6000E+02/T),CRACMM1,gas,Pye et al. 2023,https://doi.org/10.5194/acp-23-5043-2023,NA,NA,NA
R051,NO+HO2,HNO3,k0=6.0950E-14*exp(2.7000E+02/T)*(T/300)^-1.0000E+00;k2=6.8570E-34*exp(2.7000E+02/T)*(T/300)^1.0000E+00;k3=-5.9680E-14*exp(2.7000E+02/T),RACM2,gas,Goliff et al. 2013,https://doi.org/10.1016/j.atmosenv.2012.11.038,NA,NA,NA
R052,NO+NO+O2,2.00000*NO2,4.2500E-39*exp(6.6350E+02/T),CRACMM1,gas,Pye et al. 2023,https://doi.org/10.5194/acp-23-5043-2023,NA,NA,NA
R053,HONO+HO,NO2,3.0000E-12*exp(2.5000E+02/T),CRACMM1,gas,Pye et al. 2023,https://doi.org/10.5194/acp-23-5043-2023,NA,NA,NA
R054,NO2+O3P,NO,5.3000E-12*exp(2.0000E+02/T),CRACMM1,gas,Pye et al. 2023,https://doi.org/10.5194/acp-23-5043-2023,NA,NA,NA
R055,NO2+O3P,NO3,ko=3.4000E-31*exp(0.0000E+00/T)*(T/300)^-1.6000E+00;kinf=2.3000E-11*exp(0.0000E+00/T)*(T/300)^-2.0000E-01;n=1.0000E+00;F=6.0000E-01,CRACMM1,gas,Pye et al. 2023,https://doi.org/10.5194/acp-23-5043-2023,NA,NA,NA
R056,NO2+HO,HNO3,ko=1.8000E-30*exp(0.0000E+00/T)*(T/300)^-3.0000E+00;kinf=2.8000E-11*exp(0.0000E+00/T)*(T/300)^0.0000E+00;n=1.0000E+00;F=6.0000E-01,CRACMM1,gas,Pye et al. 2023,https://doi.org/10.5194/acp-23-5043-2023,NA,NA,NA
R057,HNO3+HO,NO3,k0=2.4000E-14*exp(4.6000E+02/T);k1=2.7000E-17*exp(2.1990E+03/T);k3=6.5000E-34*exp(1.3350E+03/T),RACM2,gas,Goliff et al. 2013,https://doi.org/10.1016/j.atmosenv.2012.11.038,NA,NA,NA
R058,NO3+HO,HO2+NO2,2.0000E-11,RACM2,gas,Goliff et al. 2013,https://doi.org/10.1016/j.atmosenv.2012.11.038,NA,NA,NA
R059,NO3+HO2,0.70000*HO+0.70000*NO2+0.30000*HNO3,3.5000E-12,CRACMM1,gas,Pye et al. 2023,https://doi.org/10.5194/acp-23-5043-2023,NA,NA,NA
R060,NO3+NO,2.00000*NO2,1.7000E-11*exp(1.2500E+02/T),CRACMM1,gas,Pye et al. 2023,https://doi.org/10.5194/acp-23-5043-2023,NA,NA,NA
R061,NO3+NO2,NO+NO2,4.3500E-14*exp(-1.3350E+03/T),CRACMM1,gas,Pye et al. 2023,https://doi.org/10.5194/acp-23-5043-2023,NA,NA,NA
R062,NO3+NO3,2.00000*NO2,8.5000E-13*exp(-2.4500E+03/T),RACM2,gas,Goliff et al. 2013,https://doi.org/10.1016/j.atmosenv.2012.11.038,NA,NA,NA
R063,NO3+NO2,N2O5,ko=2.4000E-30*exp(0.0000E+00/T)*(T/300)^-3.0000E+00;kinf=1.6000E-12*exp(0.0000E+00/T)*(T/300)^1.0000E-01;n=1.0000E+00;F=6.0000E-01,CRACMM1,gas,Pye et al. 2023,https://doi.org/10.5194/acp-23-5043-2023,NA,NA,NA
R064,N2O5,NO2+NO3,1.7241E+26*exp(-1.0840E+04/T)\*R063,CRACMM1,gas,Pye et al. 2023,https://doi.org/10.5194/acp-23-5043-2023,NA,NA,NA
R065,N2O5+H2O,2.00000*HNO3,1.0000E-22,RACM2,gas,Goliff et al. 2013,https://doi.org/10.1016/j.atmosenv.2012.11.038,NA,NA,NA
R066,NO2+HO2,HNO4,ko=1.9000E-31*exp(0.0000E+00/T)*(T/300)^-3.4000E+00;kinf=4.0000E-12*exp(0.0000E+00/T)*(T/300)^-3.0000E-01;n=1.0000E+00;F=6.0000E-01,CRACMM1,gas,Pye et al. 2023,https://doi.org/10.5194/acp-23-5043-2023,NA,NA,NA
R067,HNO4,HO2+NO2,4.7619E+26*exp(-1.0900E+04/T)\*R066,RACM2,gas,Goliff et al. 2013,https://doi.org/10.1016/j.atmosenv.2012.11.038,NA,NA,NA
R068,HNO4+HO,NO2,4.5000E-13*exp(6.1000E+02/T),CRACMM1,gas,Pye et al. 2023,https://doi.org/10.5194/acp-23-5043-2023,NA,NA,NA
R069,SO2+HO,HO2+SULF+SULRXN,ko=2.9000E-31*exp(0.0000E+00/T)*(T/300)^-4.1000E+00;kinf=1.7000E-12*exp(0.0000E+00/T)*(T/300)^2.0000E-01;n=1.0000E+00;F=6.0000E-01,CRACMM1,gas,Pye et al. 2023,https://doi.org/10.5194/acp-23-5043-2023,NA,NA,NA
R070,CO+HO,HO2,k0=1.4400E-13*exp(0.0000E+00/T);k1=2.7400E-33*exp(0.0000E+00/T),CRACMM1,gas,Pye et al. 2023,https://doi.org/10.5194/acp-23-5043-2023,NA,NA,NA
R071,HO+CH4,MO2,2.4500E-12*exp(-1.7750E+03/T),CRACMM1,gas,Pye et al. 2023,https://doi.org/10.5194/acp-23-5043-2023,NA,NA,NA
R072,ETH+HO,ETHP,7.6600E-12*exp(-1.0200E+03/T),CRACMM1,gas,Pye et al. 2023,https://doi.org/10.5194/acp-23-5043-2023,NA,NA,NA
R073,HC3+HO,HC3P+0.00003*ASOATJ,7.6800E-12*exp(-3.7000E+02/T),CRACMM1,gas,Pye et al. 2023,https://doi.org/10.5194/acp-23-5043-2023,NA,NA,NA
R074,HC5+HO,HC5P+0.00134*ASOATJ,1.0100E-11*exp(-2.4500E+02/T),CRACMM1,gas,Pye et al. 2023,https://doi.org/10.5194/acp-23-5043-2023,NA,NA,NA
R076,ETE+HO,ETEP,ko=1.0000E-28*exp(0.0000E+00/T)*(T/300)^-4.5000E+00;kinf=8.8000E-12*exp(0.0000E+00/T)*(T/300)^-8.5000E-01;n=1.0000E+00;F=6.0000E-01,RACM2,gas,Goliff et al. 2013,https://doi.org/10.1016/j.atmosenv.2012.11.038,NA,NA,NA
R077,OLT+HO,OLTP,5.7200E-12*exp(5.0000E+02/T),RACM2,gas,Goliff et al. 2013,https://doi.org/10.1016/j.atmosenv.2012.11.038,NA,NA,NA
R078,OLI+HO,OLIP,1.3300E-11*exp(5.0000E+02/T),RACM2,gas,Goliff et al. 2013,https://doi.org/10.1016/j.atmosenv.2012.11.038,NA,NA,NA
R080,ACE+HO,0.65000*HO+0.35000*HO2+0.35000*CO+0.65000*GLY+0.35000*ORA1,ko=5.5000E-30*exp(0.0000E+00/T)*(T/300)^0.0000E+00;kinf=8.3000E-13*exp(0.0000E+00/T)*(T/300)^2.0000E+00;n=1.0000E+00;F=6.0000E-01,RACM2,gas,Goliff et al. 2013,https://doi.org/10.1016/j.atmosenv.2012.11.038,NA,NA,NA
ROCARO31,BEN+HO,0.47000*BENP+0.53000*PHEN+0.53000*HO2,2.3300E-12*exp(-1.9300E+02/T),CRACMM1,gas,Pye et al. 2023,https://doi.org/10.5194/acp-23-5043-2023,NA,NA,NA
ROCARO41,TOL+HO,0.82000*TOLP+0.18000*CSL+0.18000*HO2,1.8100E-12*exp(3.5400E+02/T),CRACMM1,gas,Pye et al. 2023,https://doi.org/10.5194/acp-23-5043-2023,NA,NA,NA
ROCARO51,XYL+HO,0.83000*XYLP+0.17000*CSL+0.17000*HO2,2.3300E-11,CRACMM1,gas,Pye et al. 2023,https://doi.org/10.5194/acp-23-5043-2023,NA,NA,NA
ROCARO61,EBZ+HO,0.82000*EBZP+0.18000*CSL+0.18000*HO2,7.1600E-12,CRACMM1,gas,Pye et al. 2023,https://doi.org/10.5194/acp-23-5043-2023,NA,NA,NA
RAM01,ISO+O3,0.25000*HO+0.25000*HO2+0.40000*MO2+0.01800*ACO3+0.10000*MACP+0.09000*H2O2+0.22000*CO+HCHO+0.30000*MACR+0.14000*MVK+0.28000*ORA1+0.15300*OLT,1.5800E-14*exp(-2.0000E+03/T),CRACMM2,gas,Skipper et al. 2024,https://doi.org/10.5194/acp-24-12903-2024,Wiser et al. 2023,https://doi.org/10.5194/gmd-16-1801-2023,"From AMOREv1.2 isoprene condensation of a detailed isoprene mechanism by Wennberg et al. (2018). For more details on the initial development of the AMORE technique and condensed isoprene mechanism (i.e., AMOREv1.0), see Wiser et al. (2023). For more details specific to AMOREv1.2, see Skipper et al. (2024)."
RAM02,ISO+NO3,0.40000*NO2+0.04500*ISON+0.35000*HCHO+0.55500*INO2+0.26000*MVK+0.02800*MACR,2.9500E-12*exp(-4.5000E+02/T),CRACMM2,gas,Skipper et al. 2024,https://doi.org/10.5194/acp-24-12903-2024,Wiser et al. 2023,https://doi.org/10.5194/gmd-16-1801-2023,"From AMOREv1.2 isoprene condensation of a detailed isoprene mechanism by Wennberg et al. (2018). For more details on the initial development of the AMORE technique and condensed isoprene mechanism (i.e., AMOREv1.0), see Wiser et al. (2023). For more details specific to AMOREv1.2, see Skipper et al. (2024)."
RAM03,ISO+HO,ISOP+0.25000*HCHO+0.03000*MACR+0.05000*MGLY,2.6900E-11*exp(3.9000E+02/T),CRACMM2,gas,Skipper et al. 2024,https://doi.org/10.5194/acp-24-12903-2024,Wiser et al. 2023,https://doi.org/10.5194/gmd-16-1801-2023,"From AMOREv1.2 isoprene condensation of a detailed isoprene mechanism by Wennberg et al. (2018). For more details on the initial development of the AMORE technique and condensed isoprene mechanism (i.e., AMOREv1.0), see Wiser et al. (2023). For more details specific to AMOREv1.2, see Skipper et al. (2024)."
RAM04,ISOP+HO2,ISHP+0.07000*HO2+0.50000*HO,4.5000E-13*exp(1.3000E+03/T),CRACMM2,gas,Skipper et al. 2024,https://doi.org/10.5194/acp-24-12903-2024,Wiser et al. 2023,https://doi.org/10.5194/gmd-16-1801-2023,"From AMOREv1.2 isoprene condensation of a detailed isoprene mechanism by Wennberg et al. (2018). For more details on the initial development of the AMORE technique and condensed isoprene mechanism (i.e., AMOREv1.0), see Wiser et al. (2023). For more details specific to AMOREv1.2, see Skipper et al. (2024)."
RAM05,ISOP+NO,0.13000*ISON+0.40000*HCHO+0.88000*HO2+0.87000*NO2+0.18000*MACR+0.51000*MVK,6.0000E-12*exp(3.5000E+02/T),CRACMM2,gas,Skipper et al. 2024,https://doi.org/10.5194/acp-24-12903-2024,Wiser et al. 2023,https://doi.org/10.5194/gmd-16-1801-2023,"From AMOREv1.2 isoprene condensation of a detailed isoprene mechanism by Wennberg et al. (2018). For more details on the initial development of the AMORE technique and condensed isoprene mechanism (i.e., AMOREv1.0), see Wiser et al. (2023). For more details specific to AMOREv1.2, see Skipper et al. (2024)."
RAM06,ISHP+HO,ISOP,4.6000E-12*exp(2.0000E+02/T),CRACMM2,gas,Skipper et al. 2024,https://doi.org/10.5194/acp-24-12903-2024,Wiser et al. 2023,https://doi.org/10.5194/gmd-16-1801-2023,"From AMOREv1.2 isoprene condensation of a detailed isoprene mechanism by Wennberg et al. (2018). For more details on the initial development of the AMORE technique and condensed isoprene mechanism (i.e., AMOREv1.0), see Wiser et al. (2023). For more details specific to AMOREv1.2, see Skipper et al. (2024)."
RAM07,ISHP+HO,0.04000*MGLY+0.02000*GLY+0.13000*MVK+0.44000*IEPOX+0.11000*ACO3+0.03000*MACR+2.00000*HO+0.34000*HO2+0.14000*IPX+CO,2.9700E-11*exp(3.9000E+02/T),CRACMM2,gas,Skipper et al. 2024,https://doi.org/10.5194/acp-24-12903-2024,Wiser et al. 2023,https://doi.org/10.5194/gmd-16-1801-2023,"From AMOREv1.2 isoprene condensation of a detailed isoprene mechanism by Wennberg et al. (2018). For more details on the initial development of the AMORE technique and condensed isoprene mechanism (i.e., AMOREv1.0), see Wiser et al. (2023). For more details specific to AMOREv1.2, see Skipper et al. (2024)."
RAM08,INO2+HO2,0.45000*HO+0.95000*INALD+0.02000*IPX,3.1400E-11*exp(5.8000E+02/T),CRACMM2,gas,Skipper et al. 2024,https://doi.org/10.5194/acp-24-12903-2024,Wiser et al. 2023,https://doi.org/10.5194/gmd-16-1801-2023,"From AMOREv1.2 isoprene condensation of a detailed isoprene mechanism by Wennberg et al. (2018). For more details on the initial development of the AMORE technique and condensed isoprene mechanism (i.e., AMOREv1.0), see Wiser et al. (2023). For more details specific to AMOREv1.2, see Skipper et al. (2024)."
RAM09,INO2+NO,0.15000*MVK+0.65000*INALD+0.05000*ISON+0.20000*HCHO+1.30000*NO2,9.4200E-12*exp(5.8000E+02/T),CRACMM2,gas,Skipper et al. 2024,https://doi.org/10.5194/acp-24-12903-2024,Wiser et al. 2023,https://doi.org/10.5194/gmd-16-1801-2023,"From AMOREv1.2 isoprene condensation of a detailed isoprene mechanism by Wennberg et al. (2018). For more details on the initial development of the AMORE technique and condensed isoprene mechanism (i.e., AMOREv1.0), see Wiser et al. (2023). For more details specific to AMOREv1.2, see Skipper et al. (2024)."
RAM10,ISON+HO,HO+0.35000*INALD+0.17000*IEPOX+0.65000*NO2,2.4000E-11*exp(3.9000E+02/T),CRACMM2,gas,Skipper et al. 2024,https://doi.org/10.5194/acp-24-12903-2024,Wiser et al. 2023,https://doi.org/10.5194/gmd-16-1801-2023,"From AMOREv1.2 isoprene condensation of a detailed isoprene mechanism by Wennberg et al. (2018). For more details on the initial development of the AMORE technique and condensed isoprene mechanism (i.e., AMOREv1.0), see Wiser et al. (2023). For more details specific to AMOREv1.2, see Skipper et al. (2024)."
RAM11,HO+INALD,CO+NO2+0.30000*HO2+HCHO,1.5000E-11,CRACMM2,gas,Skipper et al. 2024,https://doi.org/10.5194/acp-24-12903-2024,Wiser et al. 2023,https://doi.org/10.5194/gmd-16-1801-2023,"From AMOREv1.2 isoprene condensation of a detailed isoprene mechanism by Wennberg et al. (2018). For more details on the initial development of the AMORE technique and condensed isoprene mechanism (i.e., AMOREv1.0), see Wiser et al. (2023). For more details specific to AMOREv1.2, see Skipper et al. (2024)."
RAM12,ISON,HNO3+ROH,4.0000E-05,CRACMM2,gas,Skipper et al. 2024,https://doi.org/10.5194/acp-24-12903-2024,Wiser et al. 2023,https://doi.org/10.5194/gmd-16-1801-2023,"From AMOREv1.2 isoprene condensation of a detailed isoprene mechanism by Wennberg et al. (2018). For more details on the initial development of the AMORE technique and condensed isoprene mechanism (i.e., AMOREv1.0), see Wiser et al. (2023). For more details specific to AMOREv1.2, see Skipper et al. (2024)."
RAM13,IPX+HO,0.57000*MACR+0.43000*MVK,3.0000E-12,CRACMM2,gas,Skipper et al. 2024,https://doi.org/10.5194/acp-24-12903-2024,Wiser et al. 2023,https://doi.org/10.5194/gmd-16-1801-2023,"From AMOREv1.2 isoprene condensation of a detailed isoprene mechanism by Wennberg et al. (2018). For more details on the initial development of the AMORE technique and condensed isoprene mechanism (i.e., AMOREv1.0), see Wiser et al. (2023). For more details specific to AMOREv1.2, see Skipper et al. (2024)."
R087,API+HO,0.97500*APIP1+0.02500*APIP2,1.2100E-11*exp(4.4000E+02/T),CRACMM1,gas,Pye et al. 2023,https://doi.org/10.5194/acp-23-5043-2023,NA,NA,NA
R088,LIM+HO,0.94500*LIMP1+0.05500*LIMP2,4.2000E-11*exp(4.0100E+02/T),CRACMM1,gas,Pye et al. 2023,https://doi.org/10.5194/acp-23-5043-2023,NA,NA,NA
TRP04,PINAL+HO,0.23000*PINALP+0.77000*RCO3,5.2000E-12*exp(6.0000E+02/T),CRACMM1,gas,Pye et al. 2023,https://doi.org/10.5194/acp-23-5043-2023,NA,NA,NA
TRP05,LIMAL+HO,0.83000*LIMALP+0.17000*RCO3,1.1000E-10,CRACMM2,gas,Skipper et al. 2024,https://doi.org/10.5194/acp-24-12903-2024,Schwantes et al. 2020,https://doi.org/10.5194/acp-20-3739-2020,Reactions and products in the LIM system have been updated based on limonene chemistry in the MOZART-TS2 mechanism developed by Schwantes et al. (2020).
R089,HCHO+HO,HO2+CO,5.5000E-12*exp(1.2500E+02/T),RACM2,gas,Goliff et al. 2013,https://doi.org/10.1016/j.atmosenv.2012.11.038,NA,NA,NA
R090,ACD+HO,ACO3,4.7000E-12*exp(3.4500E+02/T),RACM2,gas,Goliff et al. 2013,https://doi.org/10.1016/j.atmosenv.2012.11.038,NA,NA,NA
R091,ALD+HO,RCO3,4.9000E-12*exp(4.0500E+02/T),RACM2,gas,Goliff et al. 2013,https://doi.org/10.1016/j.atmosenv.2012.11.038,NA,NA,NA
R092,ACT+HO,ACTP,4.5600E-14*exp(-4.2700E+02/T)*(T/300)^(3.6500E+00),RACM2,gas,Goliff et al. 2013,https://doi.org/10.1016/j.atmosenv.2012.11.038,NA,NA,NA
R093,MEK+HO,MEKP,1.5000E-12*exp(-9.0000E+01/T),RACM2,gas,Goliff et al. 2013,https://doi.org/10.1016/j.atmosenv.2012.11.038,NA,NA,NA
R094,KET+HO,KETP,2.8000E-12*exp(1.0000E+01/T),RACM2,gas,Goliff et al. 2013,https://doi.org/10.1016/j.atmosenv.2012.11.038,NA,NA,NA
R095,HKET+HO,HO2+MGLY,3.0000E-12,RACM2,gas,Goliff et al. 2013,https://doi.org/10.1016/j.atmosenv.2012.11.038,NA,NA,NA
R096,MACR+HO,0.57000*MACP+0.43000*MCP,8.0000E-12*exp(3.8000E+02/T),RACM2,gas,Goliff et al. 2013,https://doi.org/10.1016/j.atmosenv.2012.11.038,NA,NA,NA
R097,MVK+HO,MVKP,2.6000E-12*exp(6.1000E+02/T),RACM2,gas,Goliff et al. 2013,https://doi.org/10.1016/j.atmosenv.2012.11.038,NA,NA,NA
R098,UALD+HO,0.31300*ACO3+0.68700*UALP,5.7700E-12*exp(5.3300E+02/T),RACM2,gas,Goliff et al. 2013,https://doi.org/10.1016/j.atmosenv.2012.11.038,NA,NA,NA
R099,GLY+HO,HO2+2.00000*CO,1.1000E-11,RACM2,gas,Goliff et al. 2013,https://doi.org/10.1016/j.atmosenv.2012.11.038,NA,NA,NA
R100,MGLY+HO,ACO3+CO,9.2600E-13*exp(8.3000E+02/T),RACM2,gas,Goliff et al. 2013,https://doi.org/10.1016/j.atmosenv.2012.11.038,NA,NA,NA
R101,DCB1+HO,0.52000*HO2+0.33000*CO+0.40000*ALD+0.78000*KET+0.10000*GLY+0.01000*MGLY,2.8000E-11*exp(1.7500E+02/T),RACM2,gas,Goliff et al. 2013,https://doi.org/10.1016/j.atmosenv.2012.11.038,NA,NA,NA
R102,DCB2+HO,0.52000*HO2+0.33000*CO+0.13000*MEK+0.10000*GLY+0.01000*MGLY+0.78000*OP2,2.8000E-11*exp(1.7500E+02/T),RACM2,gas,Goliff et al. 2013,https://doi.org/10.1016/j.atmosenv.2012.11.038,NA,NA,NA
R103,DCB3+HO,0.56000*HO2+0.21000*MACP+0.11000*CO+0.27000*GLY+0.01000*MGLY+0.79000*OP2,1.0000E-11,RACM2,gas,Goliff et al. 2013,https://doi.org/10.1016/j.atmosenv.2012.11.038,NA,NA,NA
R104,BALD+HO,BALP,5.3200E-12*exp(2.4300E+02/T),RACM2,gas,Goliff et al. 2013,https://doi.org/10.1016/j.atmosenv.2012.11.038,NA,NA,NA
R105,PHEN+HO,0.15200*ASOATJ+0.61900*HO2+0.17000*ADDC+0.05900*CHO+0.61900*MCT,6.7500E-12*exp(4.0500E+02/T),CRACMM1,gas,Pye et al. 2023,https://doi.org/10.5194/acp-23-5043-2023,NA,NA,NA
R106,CSL+HO,0.20000*ASOATJ+0.58400*HO2+0.16000*ADDC+0.05600*CHO+0.58400*MCT,4.6500E-11*exp(0.0000E+00/T),CRACMM1,gas,Pye et al. 2023,https://doi.org/10.5194/acp-23-5043-2023,NA,NA,NA
R108,MCT+HO,MCTO,2.0500E-10*exp(0.0000E+00/T),RACM2,gas,Goliff et al. 2013,https://doi.org/10.1016/j.atmosenv.2012.11.038,NA,NA,NA
R109,MOH+HO,HO2+HCHO,2.8500E-12*exp(-3.4500E+02/T),RACM2,gas,Goliff et al. 2013,https://doi.org/10.1016/j.atmosenv.2012.11.038,NA,NA,NA
R110,EOH+HO,HO2+ACD,3.0000E-12*exp(2.0000E+01/T),RACM2,gas,Goliff et al. 2013,https://doi.org/10.1016/j.atmosenv.2012.11.038,NA,NA,NA
R111,ROH+HO,HO2+0.71900*ALD+0.18400*ACD,2.6000E-12*exp(2.0000E+02/T),RACM2,gas,Goliff et al. 2013,https://doi.org/10.1016/j.atmosenv.2012.11.038,NA,NA,NA
R112,ETEG+HO,HO2+ALD,1.4700E-11,RACM2,gas,Goliff et al. 2013,https://doi.org/10.1016/j.atmosenv.2012.11.038,NA,NA,NA
R113,OP1+HO,0.35000*HO+0.65000*MO2+0.35000*HCHO,2.9000E-12*exp(1.9000E+02/T),RACM2,gas,Goliff et al. 2013,https://doi.org/10.1016/j.atmosenv.2012.11.038,NA,NA,NA
R114,OP2+HO,0.01000*HO+0.44000*HC3P+0.07000*XO2+0.08000*ALD+0.41000*KET,3.4000E-12*exp(1.9000E+02/T),RACM2,gas,Goliff et al. 2013,https://doi.org/10.1016/j.atmosenv.2012.11.038,NA,NA,NA
TRP06,OPB+HO,0.01000*HO+0.44000*HC10P+0.07000*XO2+0.08000*ALD+0.41000*KET,3.4000E-12*exp(1.9000E+02/T),CRACMM1,gas,Pye et al. 2023,https://doi.org/10.5194/acp-23-5043-2023,NA,NA,NA
R114a,VOP3+HO,0.01000*HO+0.44000*HC10P+0.07000*XO2+0.08000*ALD+0.41000*KET,3.4000E-12*exp(1.9000E+02/T),CRACMM1,gas,Pye et al. 2023,https://doi.org/10.5194/acp-23-5043-2023,NA,NA,NA
R116,MAHP+HO,MACP,3.0000E-11,RACM2,gas,Goliff et al. 2013,https://doi.org/10.1016/j.atmosenv.2012.11.038,NA,NA,NA
R117,ORA1+HO,HO2,4.5000E-13,RACM2,gas,Goliff et al. 2013,https://doi.org/10.1016/j.atmosenv.2012.11.038,NA,NA,NA
R118,ORA2+HO,0.64000*MO2+0.36000*ORAP,4.0000E-14*exp(8.5000E+02/T),RACM2,gas,Goliff et al. 2013,https://doi.org/10.1016/j.atmosenv.2012.11.038,NA,NA,NA
R119,PAA+HO,0.35000*HO+0.65000*ACO3+0.35000*XO2+0.35000*HCHO,2.9300E-12*exp(1.9000E+02/T),RACM2,gas,Goliff et al. 2013,https://doi.org/10.1016/j.atmosenv.2012.11.038,NA,NA,NA
R120,PAN+HO,XO2+NO3+HCHO,4.0000E-14,RACM2,gas,Goliff et al. 2013,https://doi.org/10.1016/j.atmosenv.2012.11.038,NA,NA,NA
R121,PPN+HO,XO2+NO3+HCHO,4.0000E-14,RACM2,gas,Goliff et al. 2013,https://doi.org/10.1016/j.atmosenv.2012.11.038,NA,NA,NA
R122,MPAN+HO,NO2+HKET,3.2000E-11,RACM2,gas,Goliff et al. 2013,https://doi.org/10.1016/j.atmosenv.2012.11.038,NA,NA,NA
R123,ONIT+HO,HC3P+NO2,5.3100E-12*exp(-2.6000E+02/T),RACM2,gas,Goliff et al. 2013,https://doi.org/10.1016/j.atmosenv.2012.11.038,NA,NA,NA
TRP07,VTRPN+HO,0.33000*VHONIT+0.67000*NO2+0.27000*PINAL+0.38000*KET+0.21000*HCHO+0.02000*ALD,4.8000E-12,CRACMM2,gas,Skipper et al. 2024,https://doi.org/10.5194/acp-24-12903-2024,Fisher et al. 2016,https://doi.org/10.5194/acp-16-5969-2016,"Oxidation of TRPN assumes 1/3 is unsaturated and retains the nitrate group upon oxidation to from HONIT while the remaining 2/3 is saturated and releases the nitrate group to form NO2 and other products. The 1/3 to 2/3 split is based on Fisher et al. (2016). The coefficients of other products are based on products from alpha-pinene and beta-pinene derived nitrates in MCM with a 65/35 weighting as described in Note 1 above. From MCM products, we find a 62% yield of PINAL and a 38% yield of a ketone (KET) for alpha-pinene and a 92% yield of a ketone (KET) + HCHO and an 8% yield of an aldehyde (ALD) for beta-pinene."
TRP57,VHONIT+HO,HKET+NO3,k0=2.4000E-14*exp(4.6000E+02/T);k1=2.7000E-17*exp(2.1990E+03/T);k3=6.5000E-34*exp(1.3350E+03/T),CRACMM2,gas,Skipper et al. 2024,https://doi.org/10.5194/acp-24-12903-2024,Fisher et al. 2016,https://doi.org/10.5194/acp-16-5969-2016,Oxidation of HONIT is based on Fisher et al. (2016). Rate is the same as HNO3+OH.
R126,ETE+O3,0.08000*HO+0.15000*HO2+0.43000*CO+HCHO+0.37000*ORA1,9.1400E-15*exp(-2.5800E+03/T),RACM2,gas,Goliff et al. 2013,https://doi.org/10.1016/j.atmosenv.2012.11.038,NA,NA,NA
R127,OLT+O3,0.22000*HO+0.32000*HO2+0.08000*MO2+0.06000*ETHP+0.04000*HC3P+0.02000*HC5P+0.06800*H2O2+0.43000*CO+0.02000*ETH+0.01500*HC3+0.00600*HC5+0.03200*BEN+0.56000*HCHO+0.01000*ACD+0.44000*ALD+0.03000*ACT+0.02000*BALD+0.06000*MEK+0.01000*HKET+0.03000*ORA1+0.06000*ORA2,4.3300E-15*exp(-1.8000E+03/T),CRACMM1,gas,Pye et al. 2023,https://doi.org/10.5194/acp-23-5043-2023,NA,NA,NA
R128,OLI+O3,0.46000*HO+0.07000*HO2+0.32000*MO2+0.07000*ETHP+0.04000*HC3P+0.09000*ACO3+0.37000*CO+0.02600*H2O2+0.01000*ETH+0.01000*HC3+0.09000*HCHO+0.45700*ACD+0.73000*ALD+0.11000*ACT+0.01700*KET+0.04400*HKET+0.01700*ORA2,4.4000E-15*exp(-8.4500E+02/T),RACM2,gas,Goliff et al. 2013,https://doi.org/10.1016/j.atmosenv.2012.11.038,NA,NA,NA
R131,API+O3,0.60550*HO+0.21450*PINALP+0.25500*H2O2+0.25350*PINAL+0.00650*ORA2+0.11050*HO2+0.11050*CO+0.45900*HCHO+0.28050*RCO3+0.17850*KET+0.06650*HC3+0.03850*OP1+0.02800*ORA1,8.0500E-16*exp(-6.4000E+02/T),CRACMM2,gas,Skipper et al. 2024,https://doi.org/10.5194/acp-24-12903-2024,Schwantes et al. 2020,https://doi.org/10.5194/acp-20-3739-2020,"Products in the API system have been updated to include products from alpha-pinene and beta-pinene, assuming a 65/35 split of alpha-/beta-pinene (based on biogenic emission totals over the contiguous US). Updated reactions are based on alpha-pinene and beta-pinene chemistry in the MOZART-TS2 mechanism developed by Schwantes et al. (2020)."
R132,LIM+O3,0.66000*HO+0.66000*LIMAL+0.33000*ACO3+0.33000*HCHO+0.33000*RCO3+0.33000*H2O2+0.01000*ORA2,2.8000E-15*exp(-7.7000E+02/T),CRACMM2,gas,Skipper et al. 2024,https://doi.org/10.5194/acp-24-12903-2024,Schwantes et al. 2020,https://doi.org/10.5194/acp-20-3739-2020,Reactions and products in the LIM system have been updated based on limonene chemistry in the MOZART-TS2 mechanism developed by Schwantes et al. (2020).
TRP08,LIMAL+O3,0.09000*HO+ALD+0.62000*HCHO+0.23000*OP1+0.02000*H2O2+0.15000*ORA1,8.3000E-18,CRACMM2,gas,Skipper et al. 2024,https://doi.org/10.5194/acp-24-12903-2024,Schwantes et al. 2020,https://doi.org/10.5194/acp-20-3739-2020,Reactions and products in the LIM system have been updated based on limonene chemistry in the MOZART-TS2 mechanism developed by Schwantes et al. (2020).
TRP09,VTRPN+O3,0.33000*VHONIT+0.67000*NO2+0.27000*PINAL+0.38000*KET+0.21000*HCHO+0.02000*ALD,1.6700E-16,CRACMM2,gas,Skipper et al. 2024,https://doi.org/10.5194/acp-24-12903-2024,Fisher et al. 2016,https://doi.org/10.5194/acp-16-5969-2016,"Oxidation of TRPN assumes 1/3 is unsaturated and retains the nitrate group upon oxidation to from HONIT while the remaining 2/3 is saturated and releases the nitrate group to form NO2 and other products. The 1/3 to 2/3 split is based on Fisher et al. (2016). The coefficients of other products are based on products from alpha-pinene and beta-pinene derived nitrates in MCM with a 65/35 weighting as described in Note 1 above. From MCM products, we find a 62% yield of PINAL and a 38% yield of a ketone (KET) for alpha-pinene and a 92% yield of a ketone (KET) + HCHO and an 8% yield of an aldehyde (ALD) for beta-pinene."
R133,MACR+O3,0.19000*HO+0.14000*HO2+0.10000*ACO3+0.22000*CO+0.50000*MGLY+0.45000*ORA1,1.3600E-15*exp(-2.1120E+03/T),RACM2,gas,Goliff et al. 2013,https://doi.org/10.1016/j.atmosenv.2012.11.038,NA,NA,NA
R134,MVK+O3,0.16000*HO+0.11000*HO2+0.28000*ACO3+0.01000*XO2+0.56000*CO+0.10000*HCHO+0.54000*MGLY+0.07000*ORA1+0.07000*ORA2+0.10000*ALD,8.5000E-16*exp(-1.5200E+03/T),RACM2,gas,Goliff et al. 2013,https://doi.org/10.1016/j.atmosenv.2012.11.038,NA,NA,NA
R135,UALD+O3,0.10000*HO+0.07200*HO2+0.00800*MO2+0.00200*ACO3+0.10000*XO2+0.24300*CO+0.08000*HCHO+0.42000*ACD+0.02800*KET+0.49100*GLY+0.00300*MGLY+0.04400*ORA1,1.6600E-18,RACM2,gas,Goliff et al. 2013,https://doi.org/10.1016/j.atmosenv.2012.11.038,NA,NA,NA
R136,DCB1+O3,0.05000*HO+HO2+0.60000*RCO3+0.60000*XO2+1.50000*CO+0.05000*HCHO+0.05000*GLY+0.08000*MGLY+0.65000*OP2,2.0000E-16,RACM2,gas,Goliff et al. 2013,https://doi.org/10.1016/j.atmosenv.2012.11.038,NA,NA,NA
R137,DCB2+O3,0.05000*HO+HO2+0.60000*RCO3+0.60000*XO2+1.50000*CO+0.05000*HCHO+0.05000*GLY+0.08000*MGLY+0.70000*DCB1+0.65000*OP2,2.0000E-16,RACM2,gas,Goliff et al. 2013,https://doi.org/10.1016/j.atmosenv.2012.11.038,NA,NA,NA
R138,DCB3+O3,0.05000*HO+HO2+1.50000*CO+0.48000*GLY+0.70000*DCB1+0.25000*ORA1+0.25000*ORA2+0.11000*PAA,9.0000E-17,RACM2,gas,Goliff et al. 2013,https://doi.org/10.1016/j.atmosenv.2012.11.038,NA,NA,NA
R140,MCTO+O3,MCTP,2.8600E-13,RACM2,gas,Goliff et al. 2013,https://doi.org/10.1016/j.atmosenv.2012.11.038,NA,NA,NA
R141,ETE+NO3,0.80000*OLNN+0.20000*OLND,4.3920E-13*exp(-2.2820E+03/T)*(T/300)^(2.0000E+00),RACM2,gas,Goliff et al. 2013,https://doi.org/10.1016/j.atmosenv.2012.11.038,NA,NA,NA
R142,OLT+NO3,0.43000*OLNN+0.57000*OLND,1.7900E-13*exp(-4.5000E+02/T),RACM2,gas,Goliff et al. 2013,https://doi.org/10.1016/j.atmosenv.2012.11.038,NA,NA,NA
R143,OLI+NO3,0.11000*OLNN+0.89000*OLND,8.6400E-13*exp(4.5000E+02/T),RACM2,gas,Goliff et al. 2013,https://doi.org/10.1016/j.atmosenv.2012.11.038,NA,NA,NA
R146,API+NO3,0.97500*APINP1+0.02500*APINP2,1.1900E-12*exp(4.9000E+02/T),CRACMM1,gas,Pye et al. 2023,https://doi.org/10.5194/acp-23-5043-2023,NA,NA,NA
R147,LIM+NO3,0.94500*LIMNP1+0.05500*LIMNP2,1.2200E-11,CRACMM1,gas,Pye et al. 2023,https://doi.org/10.5194/acp-23-5043-2023,NA,NA,NA
TRP10,VTRPN+NO3,0.33000*VHONIT+0.67000*NO2+0.27000*PINAL+0.38000*KET+0.21000*HCHO+0.02000*ALD,3.1500E-13*exp(-4.4800E+02/T),CRACMM2,gas,Skipper et al. 2024,https://doi.org/10.5194/acp-24-12903-2024,Fisher et al. 2016,https://doi.org/10.5194/acp-16-5969-2016,"Oxidation of TRPN assumes 1/3 is unsaturated and retains the nitrate group upon oxidation to from HONIT while the remaining 2/3 is saturated and releases the nitrate group to form NO2 and other products. The 1/3 to 2/3 split is based on Fisher et al. (2016). The coefficients of other products are based on products from alpha-pinene and beta-pinene derived nitrates in MCM with a 65/35 weighting as described in Note 1 above. From MCM products, we find a 62% yield of PINAL and a 38% yield of a ketone (KET) for alpha-pinene and a 92% yield of a ketone (KET) + HCHO and an 8% yield of an aldehyde (ALD) for beta-pinene."
R148,HCHO+NO3,HO2+CO+HNO3,2.0000E-12*exp(-2.4400E+03/T),RACM2,gas,Goliff et al. 2013,https://doi.org/10.1016/j.atmosenv.2012.11.038,NA,NA,NA
R149,ACD+NO3,ACO3+HNO3,1.4000E-12*exp(-1.9000E+03/T),RACM2,gas,Goliff et al. 2013,https://doi.org/10.1016/j.atmosenv.2012.11.038,NA,NA,NA
R150,ALD+NO3,RCO3+HNO3,3.7600E-12*exp(-1.9000E+03/T),RACM2,gas,Goliff et al. 2013,https://doi.org/10.1016/j.atmosenv.2012.11.038,NA,NA,NA
R151,MACR+NO3,0.68000*HCHO+0.32000*MACP+0.68000*XO2+0.68000*MGLY+0.32000*HNO3+0.68000*NO2,3.4000E-15,RACM2,gas,Goliff et al. 2013,https://doi.org/10.1016/j.atmosenv.2012.11.038,NA,NA,NA
R152,UALD+NO3,HO2+XO2+0.66800*CO+0.33200*HCHO+0.33200*ALD+ONIT,5.0200E-13*exp(-1.0760E+03/T),RACM2,gas,Goliff et al. 2013,https://doi.org/10.1016/j.atmosenv.2012.11.038,NA,NA,NA
R153,GLY+NO3,HO2+2.00000*CO+HNO3,2.9000E-12*exp(-1.9000E+03/T),RACM2,gas,Goliff et al. 2013,https://doi.org/10.1016/j.atmosenv.2012.11.038,NA,NA,NA
R154,MGLY+NO3,ACO3+CO+HNO3,3.7600E-12*exp(-1.9000E+03/T),RACM2,gas,Goliff et al. 2013,https://doi.org/10.1016/j.atmosenv.2012.11.038,NA,NA,NA
R155,PHEN+NO3,0.15200*ASOATJ+0.33900*CHO+0.85000*ADDC+0.42400*ADCN+0.42400*HNO3,3.7800E-12,CRACMM1,gas,Pye et al. 2023,https://doi.org/10.5194/acp-23-5043-2023,NA,NA,NA
R156,CSL+NO3,0.20000*ASOATJ+0.32000*CHO+0.08000*ADDC+0.40000*ADCN+0.40000*HNO3,1.0600E-12,CRACMM1,gas,Pye et al. 2023,https://doi.org/10.5194/acp-23-5043-2023,NA,NA,NA
R158,MCT+NO3,MCTO+HNO3,2.0100E-10,RACM2,gas,Goliff et al. 2013,https://doi.org/10.1016/j.atmosenv.2012.11.038,NA,NA,NA
R159,MPAN+NO3,MACP+NO2,2.2000E-14*exp(-5.0000E+02/T),RACM2,gas,Goliff et al. 2013,https://doi.org/10.1016/j.atmosenv.2012.11.038,NA,NA,NA
TRP11,PINALP,VHOM,2.9000E-02,CRACMM2,gas,Skipper et al. 2024,https://doi.org/10.5194/acp-24-12903-2024,Vereecken and Noziere (2020) ,https://doi.org/10.5194/acp-20-7429-2020,Unimolecular autoxidation rates of PINALP and LIMALP are calculated based on Vereecken and Noziere (2020) and assuming that the first competitive step rather than the first step best reflects the rate of HOM formation in a reduced mechanism.
TRP12,LIMALP,VHOM,2.4000E-02,CRACMM2,gas,Skipper et al. 2024,https://doi.org/10.5194/acp-24-12903-2024,Vereecken and Noziere (2020) ,https://doi.org/10.5194/acp-20-7429-2020,Unimolecular autoxidation rates of PINALP and LIMALP are calculated based on Vereecken and Noziere (2020) and assuming that the first competitive step rather than the first step best reflects the rate of HOM formation in a reduced mechanism.
R166,ACO3+NO2,PAN,ko=9.7000E-29*exp(0.0000E+00/T)*(T/300)^-5.6000E+00;kinf=9.3000E-12*exp(0.0000E+00/T)*(T/300)^-1.5000E+00;n=1.0000E+00;F=6.0000E-01,RACM2,gas,Goliff et al. 2013,https://doi.org/10.1016/j.atmosenv.2012.11.038,NA,NA,NA
R167,PAN,ACO3+NO2,1.1111E+28*exp(-1.4000E+04/T)\*R166,RACM2,gas,Goliff et al. 2013,https://doi.org/10.1016/j.atmosenv.2012.11.038,NA,NA,NA
R168,RCO3+NO2,PPN,ko=9.7000E-29*exp(0.0000E+00/T)*(T/300)^-5.6000E+00;kinf=9.3000E-12*exp(0.0000E+00/T)*(T/300)^-1.5000E+00;n=1.0000E+00;F=6.0000E-01,RACM2,gas,Goliff et al. 2013,https://doi.org/10.1016/j.atmosenv.2012.11.038,NA,NA,NA
R169,PPN,RCO3+NO2,1.1111E+28*exp(-1.4000E+04/T)\*R168,RACM2,gas,Goliff et al. 2013,https://doi.org/10.1016/j.atmosenv.2012.11.038,NA,NA,NA
R170,MACP+NO2,MPAN,2.8000E-12*exp(1.8100E+02/T),RACM2,gas,Goliff et al. 2013,https://doi.org/10.1016/j.atmosenv.2012.11.038,NA,NA,NA
R171,MPAN,MACP+NO2,1.6000E+16*exp(-1.3486E+04/T),RACM2,gas,Goliff et al. 2013,https://doi.org/10.1016/j.atmosenv.2012.11.038,NA,NA,NA
R172,MO2+NO,HO2+NO2+HCHO,2.8000E-12*exp(3.0000E+02/T),RACM2,gas,Goliff et al. 2013,https://doi.org/10.1016/j.atmosenv.2012.11.038,NA,NA,NA
R173,ETHP+NO,HO2+NO2+ACD,2.6000E-12*exp(3.6500E+02/T),RACM2,gas,Goliff et al. 2013,https://doi.org/10.1016/j.atmosenv.2012.11.038,NA,NA,NA
R174,HC3P+NO,0.66000*HO2+0.13100*MO2+0.04800*ETHP+0.08900*XO2+0.93500*NO2+0.50400*ACD+0.13200*ALD+0.16500*ACT+0.04200*MEK+0.06500*ONIT,4.0000E-12,RACM2,gas,Goliff et al. 2013,https://doi.org/10.1016/j.atmosenv.2012.11.038,NA,NA,NA
R175,HC5P+NO,0.20000*HO2+0.05100*MO2+0.23100*ETHP+0.23500*XO2+0.86400*NO2+0.01800*HCHO+0.04500*ACD+0.20300*ALD+0.03300*MEK+0.21700*ACT+0.03300*KET+0.27200*HKET+0.13600*ONIT,4.0000E-12,RACM2,gas,Goliff et al. 2013,https://doi.org/10.1016/j.atmosenv.2012.11.038,NA,NA,NA
R177,ETEP+NO,HO2+NO2+1.60000*HCHO+0.20000*ALD,9.0000E-12,RACM2,gas,Goliff et al. 2013,https://doi.org/10.1016/j.atmosenv.2012.11.038,NA,NA,NA
R178,OLTP+NO,0.78000*HO2+0.97000*NO2+0.78000*HCHO+0.01200*ACD+0.44000*ALD+0.06000*ACT+0.13000*MEK+0.03000*ONIT,4.0000E-12,RACM2,gas,Goliff et al. 2013,https://doi.org/10.1016/j.atmosenv.2012.11.038,NA,NA,NA
R179,OLIP+NO,0.83000*HO2+0.95000*NO2+0.81000*ACD+0.68000*ALD+0.20000*ACT+0.09000*KET+0.02000*HKET+0.05000*ONIT,4.0000E-12,RACM2,gas,Goliff et al. 2013,https://doi.org/10.1016/j.atmosenv.2012.11.038,NA,NA,NA
ROCARO33,BENP+NO,0.00000*ONIT+0.00120*VROCP4OXY2+0.00080*VROCN1OXY6+0.99800*NO2+0.99800*HO2+0.00000*BALD+0.99800*GLY+0.49900*FURANONE+0.24950*DCB2+0.24950*DCB3,2.7000E-12*exp(3.6000E+02/T),CRACMM1,gas,Pye et al. 2023,https://doi.org/10.5194/acp-23-5043-2023,NA,NA,NA
ROCARO43,TOLP+NO,0.00020*ONIT+0.00130*VROCP4OXY2+0.00060*VROCN1OXY6+0.99800*NO2+0.99800*HO2+0.08520*BALD+0.54770*GLY+0.36510*MGLY+0.36510*FURANONE+0.54770*DCB1,2.7000E-12*exp(3.6000E+02/T),CRACMM1,gas,Pye et al. 2023,https://doi.org/10.5194/acp-23-5043-2023,NA,NA,NA
ROCARO53,XYLP+NO,0.00010*ONIT+0.00130*VROCP3OXY2+0.00060*VROCP0OXY4+0.99800*NO2+0.99800*HO2+0.04810*BALD+0.70290*GLY+0.24700*MGLY+0.35150*FURANONE+0.59840*DCB2,2.7000E-12*exp(3.6000E+02/T),CRACMM1,gas,Pye et al. 2023,https://doi.org/10.5194/acp-23-5043-2023,NA,NA,NA
ROCARO63,EBZP+NO,0.00020*ONIT+0.00130*VROCP3OXY2+0.00060*VROCP0OXY4+0.99800*NO2+0.99800*HO2+0.08520*BALD+0.54770*GLY+0.36510*MGLY+0.45640*FURANONE+0.45640*DCB2,2.7000E-12*exp(3.6000E+02/T),CRACMM1,gas,Pye et al. 2023,https://doi.org/10.5194/acp-23-5043-2023,NA,NA,NA
R189,APIP1+NO,0.23700*VTRPN+0.76300*HO2+0.76300*NO2+0.19500*PINAL+0.28400*ALD+0.08650*ACT+0.12850*LIMAL+0.30800*HCHO+0.07150*OPB+0.08400*KET,2.7000E-12*exp(3.6000E+02/T),CRACMM2,gas,Skipper et al. 2024,https://doi.org/10.5194/acp-24-12903-2024,Schwantes et al. 2020,https://doi.org/10.5194/acp-20-3739-2020,"Products in the API system have been updated to include products from alpha-pinene and beta-pinene, assuming a 65/35 split of alpha-/beta-pinene (based on biogenic emission totals over the contiguous US). Updated reactions are based on alpha-pinene and beta-pinene chemistry in the MOZART-TS2 mechanism developed by Schwantes et al. (2020)."
TRP13,APIP2+NO,0.82000*HO+0.82000*NO2+VHOM,4.0000E-12,CRACMM1,gas,Pye et al. 2023,https://doi.org/10.5194/acp-23-5043-2023,NA,NA,NA
TRP14,APINP1+NO,1.69550*NO2+0.23450*VTRPN+0.07000*ONIT+0.60450*PINAL+0.15400*ALD+0.00700*KET+0.00700*HCHO+0.16450*HO2,2.7000E-12*exp(3.6000E+02/T),CRACMM2,gas,Skipper et al. 2024,https://doi.org/10.5194/acp-24-12903-2024,Schwantes et al. 2020,https://doi.org/10.5194/acp-20-3739-2020,"Products in the API system have been updated to include products from alpha-pinene and beta-pinene, assuming a 65/35 split of alpha-/beta-pinene (based on biogenic emission totals over the contiguous US). Updated reactions are based on alpha-pinene and beta-pinene chemistry in the MOZART-TS2 mechanism developed by Schwantes et al. (2020)."
TRP15,APINP2+NO,0.82000*NO2+0.82000*HO+VHOM,4.0000E-12,CRACMM1,gas,Pye et al. 2023,https://doi.org/10.5194/acp-23-5043-2023,NA,NA,NA
R190,LIMP1+NO,0.23000*VTRPN+0.77000*NO2+0.77000*LIMAL+0.77000*HO2+0.43000*HCHO,2.7000E-12*exp(3.6000E+02/T),CRACMM2,gas,Skipper et al. 2024,https://doi.org/10.5194/acp-24-12903-2024,Schwantes et al. 2020,https://doi.org/10.5194/acp-20-3739-2020,Reactions and products in the LIM system have been updated based on limonene chemistry in the MOZART-TS2 mechanism developed by Schwantes et al. (2020).
TRP16,LIMP2+NO,0.77000*HO+0.77000*NO2+VHOM,4.0000E-12,CRACMM1,gas,Pye et al. 2023,https://doi.org/10.5194/acp-23-5043-2023,NA,NA,NA
TRP17,LIMNP1+NO,0.57000*VTRPN+0.07000*ONIT+1.36000*NO2+0.43000*LIMAL+0.50000*HO2,2.7000E-12*exp(3.6000E+02/T),CRACMM2,gas,Skipper et al. 2024,https://doi.org/10.5194/acp-24-12903-2024,Schwantes et al. 2020,https://doi.org/10.5194/acp-20-3739-2020,Reactions and products in the LIM system have been updated based on limonene chemistry in the MOZART-TS2 mechanism developed by Schwantes et al. (2020).
TRP18,LIMNP2+NO,0.77000*NO2+0.77000*HO+VHOM,4.0000E-12,CRACMM1,gas,Pye et al. 2023,https://doi.org/10.5194/acp-23-5043-2023,NA,NA,NA
TRP19,PINALP+NO,0.36000*VTRPN+0.64000*VHOM+0.64000*NO2,2.7000E-12*exp(3.6000E+02/T),CRACMM2,gas,Skipper et al. 2024,https://doi.org/10.5194/acp-24-12903-2024,Schwantes et al. 2020,https://doi.org/10.5194/acp-20-3739-2020,"1. Products in the API system have been updated to include products from alpha-pinene and beta-pinene, assuming a 65/35 split of alpha-/beta-pinene (based on biogenic emission totals over the contiguous US). Updated reactions are based on alpha-pinene and beta-pinene chemistry in the MOZART-TS2 mechanism developed by Schwantes et al. (2020).
2. The following characteristics of monoterpene aldehyde derived peroxy radical (PINALP and LIMALP) reactions are based on Wennberg et al. (2018): a) Nitrate (CRACMM species TRPN) branching ratio from reaction with NO; b) Rate of reaction with HO2; c) Yield of peroxide (CRACMM species OPB) from reaction with HO2
3. Products of PINALP reaction with NO and HO2 that do not go to TRPN or OPB, respectively, are expected to form a ring-opening peroxy radical that undergoes autoxidation which is mapped to CRACMM species HOM."
TRP20,LIMALP+NO,0.64000*VTRPN+0.36000*NO2+0.36000*HO2+0.36000*HCHO+0.36000*PAA,2.7000E-12*exp(3.6000E+02/T),CRACMM2,gas,Skipper et al. 2024,https://doi.org/10.5194/acp-24-12903-2024,Schwantes et al. 2020,https://doi.org/10.5194/acp-20-3739-2020,"1. Reactions and products in the LIM system have been updated based on limonene chemistry in the MOZART-TS2 mechanism developed by Schwantes et al. (2020).
2. The following characteristics of monoterpene aldehyde derived peroxy radical (PINALP and LIMALP) reactions are based on Wennberg et al. (2018): a) Nitrate (CRACMM species TRPN) branching ratio from reaction with NO; b) Rate of reaction with HO2; c) Yield of peroxide (CRACMM species OPB) from reaction with HO2
3. Products of LIMALP reaction with NO and HO2 that do not go to TRPN or OPB, respectively, are expected to form a peroxy acid (mapped to CRACMM species PAA) and formaldehyde (CRACMM species HCHO)"
R191,ACO3+NO,MO2+NO2,8.1000E-12*exp(2.7000E+02/T),RACM2,gas,Goliff et al. 2013,https://doi.org/10.1016/j.atmosenv.2012.11.038,NA,NA,NA
R192,RCO3+NO,ETHP+NO2,8.1000E-12*exp(2.7000E+02/T),RACM2,gas,Goliff et al. 2013,https://doi.org/10.1016/j.atmosenv.2012.11.038,NA,NA,NA
R193,ACTP+NO,ACO3+NO2+HCHO,2.9000E-12*exp(3.0000E+02/T),RACM2,gas,Goliff et al. 2013,https://doi.org/10.1016/j.atmosenv.2012.11.038,NA,NA,NA
R194,MEKP+NO,0.67000*HO2+NO2+0.33000*HCHO+0.67000*DCB1,4.0000E-12,RACM2,gas,Goliff et al. 2013,https://doi.org/10.1016/j.atmosenv.2012.11.038,NA,NA,NA
R195,KETP+NO,0.77000*HO2+0.23000*ACO3+0.16000*XO2+NO2+0.46000*ALD+0.54000*MGLY,4.0000E-12,RACM2,gas,Goliff et al. 2013,https://doi.org/10.1016/j.atmosenv.2012.11.038,NA,NA,NA
R196,MACP+NO,0.65000*MO2+0.35000*ACO3+NO2+0.65000*CO+0.65000*HCHO,2.5400E-12*exp(3.6000E+02/T),RACM2,gas,Goliff et al. 2013,https://doi.org/10.1016/j.atmosenv.2012.11.038,NA,NA,NA
R197,MCP+NO,NO2+0.50000*HO2+0.50000*HCHO+HKET,2.5400E-12*exp(3.6000E+02/T),RACM2,gas,Goliff et al. 2013,https://doi.org/10.1016/j.atmosenv.2012.11.038,NA,NA,NA
R198,MVKP+NO,0.30000*HO2+0.70000*ACO3+0.70000*XO2+NO2+0.30000*HCHO+0.70000*ALD+0.30000*MGLY,2.5400E-12*exp(3.6000E+02/T),RACM2,gas,Goliff et al. 2013,https://doi.org/10.1016/j.atmosenv.2012.11.038,NA,NA,NA
R199,UALP+NO,HO2+NO2+0.61000*CO+0.03000*HCHO+0.27000*ALD+0.18000*GLY+0.70000*KET+0.21000*MGLY,2.5400E-12*exp(3.6000E+02/T),RACM2,gas,Goliff et al. 2013,https://doi.org/10.1016/j.atmosenv.2012.11.038,NA,NA,NA
R200,BALP+NO,BAL1+NO2,4.0000E-12,RACM2,gas,Goliff et al. 2013,https://doi.org/10.1016/j.atmosenv.2012.11.038,NA,NA,NA
R201,BAL1+NO,BAL2+NO2,4.0000E-12,RACM2,gas,Goliff et al. 2013,https://doi.org/10.1016/j.atmosenv.2012.11.038,NA,NA,NA
R202,ADDC+NO,HO2+NO2+0.32000*HKET+0.68000*GLY+0.68000*OP2,2.7000E-12*exp(3.6000E+02/T),RACM2,gas,Goliff et al. 2013,https://doi.org/10.1016/j.atmosenv.2012.11.038,NA,NA,NA
R203,MCTP+NO,MCTO+NO2,2.7000E-12*exp(3.6000E+02/T),RACM2,gas,Goliff et al. 2013,https://doi.org/10.1016/j.atmosenv.2012.11.038,NA,NA,NA
R204,ORAP+NO,NO2+GLY+HO2,4.0000E-12,RACM2,gas,Goliff et al. 2013,https://doi.org/10.1016/j.atmosenv.2012.11.038,NA,NA,NA
R205,OLNN+NO,NO2+HO2+ONIT,4.0000E-12,RACM2,gas,Goliff et al. 2013,https://doi.org/10.1016/j.atmosenv.2012.11.038,NA,NA,NA
R206,OLND+NO,2.00000*NO2+0.28700*HCHO+1.24000*ALD+0.46400*KET,4.0000E-12,RACM2,gas,Goliff et al. 2013,https://doi.org/10.1016/j.atmosenv.2012.11.038,NA,NA,NA
R207,ADCN+NO,2.00000*NO2+GLY+OP2,2.7000E-12*exp(3.6000E+02/T),RACM2,gas,Goliff et al. 2013,https://doi.org/10.1016/j.atmosenv.2012.11.038,NA,NA,NA
R208,XO2+NO,NO2,4.0000E-12,RACM2,gas,Goliff et al. 2013,https://doi.org/10.1016/j.atmosenv.2012.11.038,NA,NA,NA
R209,BAL2+NO2,ONIT,2.0000E-11,RACM2,gas,Goliff et al. 2013,https://doi.org/10.1016/j.atmosenv.2012.11.038,NA,NA,NA
R210,CHO+NO2,ONIT,2.0000E-11,RACM2,gas,Goliff et al. 2013,https://doi.org/10.1016/j.atmosenv.2012.11.038,NA,NA,NA
R211,MCTO+NO2,ONIT,2.0800E-12,RACM2,gas,Goliff et al. 2013,https://doi.org/10.1016/j.atmosenv.2012.11.038,NA,NA,NA
R212,MO2+HO2,OP1,4.1000E-13*exp(7.5000E+02/T),RACM2,gas,Goliff et al. 2013,https://doi.org/10.1016/j.atmosenv.2012.11.038,NA,NA,NA
R213,ETHP+HO2,OP2,7.5000E-13*exp(7.0000E+02/T),RACM2,gas,Goliff et al. 2013,https://doi.org/10.1016/j.atmosenv.2012.11.038,NA,NA,NA
R214,HC3P+HO2,OP2,1.6600E-13*exp(1.3000E+03/T),RACM2,gas,Goliff et al. 2013,https://doi.org/10.1016/j.atmosenv.2012.11.038,NA,NA,NA
R215,HC5P+HO2,OP2,1.6600E-13*exp(1.3000E+03/T),RACM2,gas,Goliff et al. 2013,https://doi.org/10.1016/j.atmosenv.2012.11.038,NA,NA,NA
R217,ETEP+HO2,OP2,1.9000E-13*exp(1.3000E+03/T),RACM2,gas,Goliff et al. 2013,https://doi.org/10.1016/j.atmosenv.2012.11.038,NA,NA,NA
R218,OLTP+HO2,OP2,1.6600E-13*exp(1.3000E+03/T),RACM2,gas,Goliff et al. 2013,https://doi.org/10.1016/j.atmosenv.2012.11.038,NA,NA,NA
R219,OLIP+HO2,OP2,1.6600E-13*exp(1.3000E+03/T),RACM2,gas,Goliff et al. 2013,https://doi.org/10.1016/j.atmosenv.2012.11.038,NA,NA,NA
ROCARO32,BENP+HO2,0.60210*OP2+0.39790*VROCN1OXY6,2.9100E-13*exp(1.3000E+03/T),CRACMM1,gas,Pye et al. 2023,https://doi.org/10.5194/acp-23-5043-2023,NA,NA,NA
ROCARO42,TOLP+HO2,0.71950*OP2+0.28050*VROCN1OXY6,2.9100E-13*exp(1.3000E+03/T),CRACMM1,gas,Pye et al. 2023,https://doi.org/10.5194/acp-23-5043-2023,NA,NA,NA
ROCARO52,XYLP+HO2,0.04820*OP2+0.67470*VOP3+0.27710*VROCP0OXY4,2.9100E-13*exp(1.3000E+03/T),CRACMM1,gas,Pye et al. 2023,https://doi.org/10.5194/acp-23-5043-2023,NA,NA,NA
ROCARO62,EBZP+HO2,0.08540*OP2+0.63410*VOP3+0.28050*VROCP0OXY4,2.9100E-13*exp(1.3000E+03/T),CRACMM1,gas,Pye et al. 2023,https://doi.org/10.5194/acp-23-5043-2023,NA,NA,NA
R229,APIP1+HO2,0.03900*ACT+0.03900*LIMAL+0.06250*HCHO+0.76200*OPB+0.32250*HO2+0.18850*PINAL+0.23800*HO+0.01050*KET,2.6000E-13*exp(1.3000E+03/T),CRACMM2,gas,Skipper et al. 2024,https://doi.org/10.5194/acp-24-12903-2024,Schwantes et al. 2020,https://doi.org/10.5194/acp-20-3739-2020,"Products in the API system have been updated to include products from alpha-pinene and beta-pinene, assuming a 65/35 split of alpha-/beta-pinene (based on biogenic emission totals over the contiguous US). Updated reactions are based on alpha-pinene and beta-pinene chemistry in the MOZART-TS2 mechanism developed by Schwantes et al. (2020)."
TRP21,APIP2+HO2,VHOM,1.5000E-11,CRACMM1,gas,Pye et al. 2023,https://doi.org/10.5194/acp-23-5043-2023,NA,NA,NA
TRP22,APINP1+HO2,0.46100*VTRPN+0.45500*PINAL+0.53900*NO2+0.61950*HO+0.07700*ALD+0.00700*KET+0.00700*HCHO,2.7100E-13*exp(1.3000E+03/T),CRACMM2,gas,Skipper et al. 2024,https://doi.org/10.5194/acp-24-12903-2024,Schwantes et al. 2020,https://doi.org/10.5194/acp-20-3739-2020,"Products in the API system have been updated to include products from alpha-pinene and beta-pinene, assuming a 65/35 split of alpha-/beta-pinene (based on biogenic emission totals over the contiguous US). Updated reactions are based on alpha-pinene and beta-pinene chemistry in the MOZART-TS2 mechanism developed by Schwantes et al. (2020)."
TRP23,APINP2+HO2,VHOM,1.5000E-11,CRACMM1,gas,Pye et al. 2023,https://doi.org/10.5194/acp-23-5043-2023,NA,NA,NA
R230,LIMP1+HO2,0.90000*OPB+0.10000*LIMAL+0.10000*HO+0.10000*HO2+0.06000*HCHO,2.6000E-13*exp(1.3000E+03/T),CRACMM2,gas,Skipper et al. 2024,https://doi.org/10.5194/acp-24-12903-2024,Schwantes et al. 2020,https://doi.org/10.5194/acp-20-3739-2020,Reactions and products in the LIM system have been updated based on limonene chemistry in the MOZART-TS2 mechanism developed by Schwantes et al. (2020).
TRP24,LIMP2+HO2,VHOM,1.5000E-11,CRACMM1,gas,Pye et al. 2023,https://doi.org/10.5194/acp-23-5043-2023,NA,NA,NA
TRP25,LIMNP1+HO2,0.77000*VTRPN+0.50000*HO+0.23000*LIMAL+0.23000*NO2+0.27000*HO2,2.7100E-13*exp(1.3000E+03/T),CRACMM2,gas,Skipper et al. 2024,https://doi.org/10.5194/acp-24-12903-2024,Schwantes et al. 2020,https://doi.org/10.5194/acp-20-3739-2020,Reactions and products in the LIM system have been updated based on limonene chemistry in the MOZART-TS2 mechanism developed by Schwantes et al. (2020).
TRP26,LIMNP2+HO2,VHOM,1.5000E-11,CRACMM1,gas,Pye et al. 2023,https://doi.org/10.5194/acp-23-5043-2023,NA,NA,NA
TRP27,PINALP+HO2,0.75000*OPB+0.25000*HO+0.25000*VHOM,2.7100E-13*exp(1.3000E+03/T),CRACMM2,gas,Skipper et al. 2024,https://doi.org/10.5194/acp-24-12903-2024,Schwantes et al. 2020,https://doi.org/10.5194/acp-20-3739-2020,"1. Products in the API system have been updated to include products from alpha-pinene and beta-pinene, assuming a 65/35 split of alpha-/beta-pinene (based on biogenic emission totals over the contiguous US). Updated reactions are based on alpha-pinene and beta-pinene chemistry in the MOZART-TS2 mechanism developed by Schwantes et al. (2020).
2. The following characteristics of monoterpene aldehyde derived peroxy radical (PINALP and LIMALP) reactions are based on Wennberg et al. (2018): a) Nitrate (CRACMM species TRPN) branching ratio from reaction with NO; b) Rate of reaction with HO2; c) Yield of peroxide (CRACMM species OPB) from reaction with HO2
3. Products of PINALP reaction with NO and HO2 that do not go to TRPN or OPB, respectively, are expected to form a ring-opening peroxy radical that undergoes autoxidation which is mapped to CRACMM species HOM."
TRP28,LIMALP+HO2,0.90000*OPB+0.10000*HO+0.10000*HO2+0.10000*HCHO+0.10000*PAA,2.7300E-13*exp(1.3000E+03/T),CRACMM2,gas,Skipper et al. 2024,https://doi.org/10.5194/acp-24-12903-2024,Schwantes et al. 2020,https://doi.org/10.5194/acp-20-3739-2020,"1. Reactions and products in the LIM system have been updated based on limonene chemistry in the MOZART-TS2 mechanism developed by Schwantes et al. (2020).
2. The following characteristics of monoterpene aldehyde derived peroxy radical (PINALP and LIMALP) reactions are based on Wennberg et al. (2018): a) Nitrate (CRACMM species TRPN) branching ratio from reaction with NO; b) Rate of reaction with HO2; c) Yield of peroxide (CRACMM species OPB) from reaction with HO2
3. Products of LIMALP reaction with NO and HO2 that do not go to TRPN or OPB, respectively, are expected to form a peroxy acid (mapped to CRACMM species PAA) and formaldehyde (CRACMM species HCHO)"
R231,ACO3+HO2,0.44000*HO+0.44000*MO2+0.15000*ORA2+0.41000*PAA,4.3000E-13*exp(1.0400E+03/T),RACM2,gas,Goliff et al. 2013,https://doi.org/10.1016/j.atmosenv.2012.11.038,NA,NA,NA
R232,RCO3+HO2,0.44000*HO+0.44000*ETHP+0.15000*ORA2+0.41000*PAA,4.3000E-13*exp(1.0400E+03/T),RACM2,gas,Goliff et al. 2013,https://doi.org/10.1016/j.atmosenv.2012.11.038,NA,NA,NA
R233,ACTP+HO2,0.15000*HO+0.15000*ACO3+0.15000*HCHO+0.85000*OP2,1.1500E-13*exp(1.3000E+03/T),RACM2,gas,Goliff et al. 2013,https://doi.org/10.1016/j.atmosenv.2012.11.038,NA,NA,NA
R234,MEKP+HO2,OP2,1.1500E-13*exp(1.3000E+03/T),RACM2,gas,Goliff et al. 2013,https://doi.org/10.1016/j.atmosenv.2012.11.038,NA,NA,NA
R235,KETP+HO2,OP2,1.1500E-13*exp(1.3000E+03/T),RACM2,gas,Goliff et al. 2013,https://doi.org/10.1016/j.atmosenv.2012.11.038,NA,NA,NA
R236,MACP+HO2,MAHP,1.8200E-13*exp(1.3000E+03/T),RACM2,gas,Goliff et al. 2013,https://doi.org/10.1016/j.atmosenv.2012.11.038,NA,NA,NA
R237,MCP+HO2,MAHP,1.8200E-13*exp(1.3000E+03/T),RACM2,gas,Goliff et al. 2013,https://doi.org/10.1016/j.atmosenv.2012.11.038,NA,NA,NA
R238,MVKP+HO2,OP2,2.9100E-13*exp(1.3000E+03/T),RACM2,gas,Goliff et al. 2013,https://doi.org/10.1016/j.atmosenv.2012.11.038,NA,NA,NA
R239,UALP+HO2,OP2,2.9100E-13*exp(1.3000E+03/T),RACM2,gas,Goliff et al. 2013,https://doi.org/10.1016/j.atmosenv.2012.11.038,NA,NA,NA
R240,ADDC+HO2,OP2,3.7500E-13*exp(9.8000E+02/T),RACM2,gas,Goliff et al. 2013,https://doi.org/10.1016/j.atmosenv.2012.11.038,NA,NA,NA
R241,CHO+HO2,CSL,1.0000E-11,RACM2,gas,Goliff et al. 2013,https://doi.org/10.1016/j.atmosenv.2012.11.038,NA,NA,NA
R242,MCTP+HO2,OP2,3.7500E-13*exp(9.8000E+02/T),RACM2,gas,Goliff et al. 2013,https://doi.org/10.1016/j.atmosenv.2012.11.038,NA,NA,NA
R243,ORAP+HO2,OP2,1.1500E-13*exp(1.3000E+03/T),RACM2,gas,Goliff et al. 2013,https://doi.org/10.1016/j.atmosenv.2012.11.038,NA,NA,NA
R244,OLNN+HO2,ONIT,1.6600E-13*exp(1.3000E+03/T),RACM2,gas,Goliff et al. 2013,https://doi.org/10.1016/j.atmosenv.2012.11.038,NA,NA,NA
R245,OLND+HO2,ONIT,1.6600E-13*exp(1.3000E+03/T),RACM2,gas,Goliff et al. 2013,https://doi.org/10.1016/j.atmosenv.2012.11.038,NA,NA,NA
R246,ADCN+HO2,OP2,3.7500E-13*exp(9.8000E+02/T),RACM2,gas,Goliff et al. 2013,https://doi.org/10.1016/j.atmosenv.2012.11.038,NA,NA,NA
R247,XO2+HO2,OP2,1.6600E-13*exp(1.3000E+03/T),RACM2,gas,Goliff et al. 2013,https://doi.org/10.1016/j.atmosenv.2012.11.038,NA,NA,NA
R248,MO2+MO2,0.74000*HO2+1.37000*HCHO+0.63000*MOH,9.5000E-14*exp(3.9000E+02/T),RACM2,gas,Goliff et al. 2013,https://doi.org/10.1016/j.atmosenv.2012.11.038,NA,NA,NA
R249,ETHP+MO2,HO2+0.75000*HCHO+0.75000*ACD+0.25000*MOH+0.25000*EOH,1.1800E-13*exp(1.5800E+02/T),RACM2,gas,Goliff et al. 2013,https://doi.org/10.1016/j.atmosenv.2012.11.038,NA,NA,NA
R250,HC3P+MO2,0.89400*HO2+0.08000*MO2+0.02600*ETHP+0.02600*XO2+0.82700*HCHO+0.19800*ALD+0.49700*KET+0.05000*GLY+0.25000*MOH+0.25000*ROH,9.4600E-14*exp(4.3100E+02/T),RACM2,gas,Goliff et al. 2013,https://doi.org/10.1016/j.atmosenv.2012.11.038,NA,NA,NA
R251,HC5P+MO2,0.84200*HO2+0.01800*MO2+0.14000*ETHP+0.19100*XO2+0.77700*HCHO+0.25100*ALD+0.61800*KET+0.25000*MOH+0.25000*ROH,1.0000E-13*exp(4.6700E+02/T),RACM2,gas,Goliff et al. 2013,https://doi.org/10.1016/j.atmosenv.2012.11.038,NA,NA,NA
R253,ETEP+MO2,HO2+1.95000*HCHO+0.15000*ALD+0.25000*MOH+0.25000*ETEG,1.7100E-13*exp(7.0800E+02/T),RACM2,gas,Goliff et al. 2013,https://doi.org/10.1016/j.atmosenv.2012.11.038,NA,NA,NA
R254,OLTP+MO2,HO2+1.50000*HCHO+0.70500*ALD+0.04500*KET+0.25000*MOH+0.25000*ROH,1.4600E-13*exp(7.0800E+02/T),RACM2,gas,Goliff et al. 2013,https://doi.org/10.1016/j.atmosenv.2012.11.038,NA,NA,NA
R255,OLIP+MO2,HO2+0.75000*HCHO+1.28000*ALD+0.21800*KET+0.25000*MOH+0.25000*ROH,9.1800E-14*exp(7.0800E+02/T),RACM2,gas,Goliff et al. 2013,https://doi.org/10.1016/j.atmosenv.2012.11.038,NA,NA,NA
ROCARO35,BENP+MO2,0.68000*HCHO+1.37000*HO2+0.32000*MOH+0.00000*BALD+GLY+0.50000*FURANONE+0.25000*DCB2+0.25000*DCB3,3.5600E-14*exp(7.0800E+02/T),CRACMM1,gas,Pye et al. 2023,https://doi.org/10.5194/acp-23-5043-2023,NA,NA,NA
ROCARO45,TOLP+MO2,0.68000*HCHO+1.28460*HO2+0.32000*MOH+0.08540*BALD+0.54880*GLY+0.36590*MGLY+0.36590*FURANONE+0.54880*DCB1,3.5600E-14*exp(7.0800E+02/T),CRACMM1,gas,Pye et al. 2023,https://doi.org/10.5194/acp-23-5043-2023,NA,NA,NA
ROCARO55,XYLP+MO2,0.68000*HCHO+1.32180*HO2+0.32000*MOH+0.04820*BALD+0.70430*GLY+0.24750*MGLY+0.35220*FURANONE+0.59960*DCB2,3.5600E-14*exp(7.0800E+02/T),CRACMM1,gas,Pye et al. 2023,https://doi.org/10.5194/acp-23-5043-2023,NA,NA,NA
ROCARO65,EBZP+MO2,0.68000*HCHO+1.28460*HO2+0.32000*MOH+0.08540*BALD+0.54880*GLY+0.36590*MGLY+0.45730*FURANONE+0.45730*DCB2,3.5600E-14*exp(7.0800E+02/T),CRACMM1,gas,Pye et al. 2023,https://doi.org/10.5194/acp-23-5043-2023,NA,NA,NA
R264,ISOP+MO2,HO2+1.31000*HCHO+0.15900*MACR+0.25000*MVK+0.25000*MOH+0.25000*ROH+0.02300*ALD+0.01800*GLY+0.01600*HKET,3.4000E-14*exp(2.2100E+02/T),RACM2,gas,Goliff et al. 2013,https://doi.org/10.1016/j.atmosenv.2012.11.038,NA,NA,NA
R265,APIP1+MO2,1.02950*HCHO+0.22050*LIMAL+0.27300*PINAL+0.23850*ALD+0.08450*OPB+0.11050*MOH+0.18350*KET+0.06700*ACT+1.27900*HO2,2.0000E-12,CRACMM2,gas,Skipper et al. 2024,https://doi.org/10.5194/acp-24-12903-2024,Schwantes et al. 2020,https://doi.org/10.5194/acp-20-3739-2020,"Products in the API system have been updated to include products from alpha-pinene and beta-pinene, assuming a 65/35 split of alpha-/beta-pinene (based on biogenic emission totals over the contiguous US). Updated reactions are based on alpha-pinene and beta-pinene chemistry in the MOZART-TS2 mechanism developed by Schwantes et al. (2020)."
TRP29,APIP2+MO2,HO2+0.75000*HCHO+0.25000*MOH+VHOM,1.0000E-10,CRACMM1,gas,Pye et al. 2023,https://doi.org/10.5194/acp-23-5043-2023,NA,NA,NA
TRP30,APINP1+MO2,0.34100*VTRPN+0.96400*HCHO+0.04300*MOH+0.91800*HO2+0.65900*NO2+0.53300*PINAL+0.00700*KET+0.11900*ALD,2.0000E-12,CRACMM2,gas,Skipper et al. 2024,https://doi.org/10.5194/acp-24-12903-2024,Schwantes et al. 2020,https://doi.org/10.5194/acp-20-3739-2020,"Products in the API system have been updated to include products from alpha-pinene and beta-pinene, assuming a 65/35 split of alpha-/beta-pinene (based on biogenic emission totals over the contiguous US). Updated reactions are based on alpha-pinene and beta-pinene chemistry in the MOZART-TS2 mechanism developed by Schwantes et al. (2020)."
TRP31,APINP2+MO2,0.75000*HO2+0.75000*NO2+0.25000*MOH+0.75000*HCHO+VHOM,1.0000E-10,CRACMM1,gas,Pye et al. 2023,https://doi.org/10.5194/acp-23-5043-2023,NA,NA,NA
R266,LIMP1+MO2,0.25000*MOH+LIMAL+1.03000*HCHO+HO2,2.0000E-12,CRACMM2,gas,Skipper et al. 2024,https://doi.org/10.5194/acp-24-12903-2024,Schwantes et al. 2020,https://doi.org/10.5194/acp-20-3739-2020,Reactions and products in the LIM system have been updated based on limonene chemistry in the MOZART-TS2 mechanism developed by Schwantes et al. (2020).
TRP32,LIMP2+MO2,HO2+0.75000*HCHO+0.25000*MOH+VHOM,1.0000E-10,CRACMM1,gas,Pye et al. 2023,https://doi.org/10.5194/acp-23-5043-2023,NA,NA,NA
TRP33,LIMNP1+MO2,0.69000*VTRPN+0.91000*HCHO+0.09000*MOH+1.01000*HO2+0.31000*LIMAL+0.31000*NO2,2.0000E-12,CRACMM2,gas,Skipper et al. 2024,https://doi.org/10.5194/acp-24-12903-2024,Schwantes et al. 2020,https://doi.org/10.5194/acp-20-3739-2020,Reactions and products in the LIM system have been updated based on limonene chemistry in the MOZART-TS2 mechanism developed by Schwantes et al. (2020).
TRP34,LIMNP2+MO2,0.75000*HO2+0.75000*HCHO+0.75000*NO2+0.25000*MOH+VHOM,1.0000E-10,CRACMM1,gas,Pye et al. 2023,https://doi.org/10.5194/acp-23-5043-2023,NA,NA,NA
R267,ACO3+MO2,0.90000*HO2+0.90000*MO2+HCHO+0.10000*ORA2,2.0000E-11*exp(5.0000E+02/T),RACM2,gas,Goliff et al. 2013,https://doi.org/10.1016/j.atmosenv.2012.11.038,NA,NA,NA
R268,RCO3+MO2,0.90000*HO2+0.90000*MO2+HCHO+0.10000*ORA2,2.0000E-11*exp(5.0000E+02/T),RACM2,gas,Goliff et al. 2013,https://doi.org/10.1016/j.atmosenv.2012.11.038,NA,NA,NA
R269,ACTP+MO2,0.50000*HO2+0.50000*ACO3+1.50000*HCHO+0.25000*MOH+0.25000*ROH+0.12500*ORA2,7.5000E-13*exp(5.0000E+02/T),RACM2,gas,Goliff et al. 2013,https://doi.org/10.1016/j.atmosenv.2012.11.038,NA,NA,NA
R270,MEKP+MO2,0.83400*HO2+HCHO+0.33400*DCB1+0.25000*MOH+0.25000*ROH,6.9100E-13*exp(5.0800E+02/T),RACM2,gas,Goliff et al. 2013,https://doi.org/10.1016/j.atmosenv.2012.11.038,NA,NA,NA
R271,KETP+MO2,HO2+0.75000*HCHO+0.50000*DCB1+0.25000*MOH+0.25000*ROH,6.9100E-13*exp(5.0800E+02/T),RACM2,gas,Goliff et al. 2013,https://doi.org/10.1016/j.atmosenv.2012.11.038,NA,NA,NA
R272,MACP+MO2,0.50000*HO2+0.26900*ACO3+0.50000*CO+1.66000*HCHO+0.06700*ORA2+0.25000*MO2+0.25000*MOH+0.25000*ROH,3.4000E-14*exp(2.2100E+02/T),RACM2,gas,Goliff et al. 2013,https://doi.org/10.1016/j.atmosenv.2012.11.038,NA,NA,NA
R273,MCP+MO2,NO2+HO2+1.50000*HCHO+0.50000*HKET+0.25000*MOH+0.25000*ROH,3.4000E-14*exp(2.2100E+02/T),RACM2,gas,Goliff et al. 2013,https://doi.org/10.1016/j.atmosenv.2012.11.038,NA,NA,NA
R274,MVKP+MO2,HO2+1.16000*ACO3+1.16000*XO2+1.50000*HCHO+1.75000*ALD+0.50000*MGLY+0.25000*MOH+0.25000*ROH+0.29200*ORA2,8.3700E-14,RACM2,gas,Goliff et al. 2013,https://doi.org/10.1016/j.atmosenv.2012.11.038,NA,NA,NA
R275,UALP+MO2,HO2+0.30500*CO+0.77300*HCHO+0.20300*ALD+0.52500*KET+0.13500*GLY+0.10500*MGLY+0.25000*MOH+0.25000*ROH,3.4000E-14*exp(2.2100E+02/T),RACM2,gas,Goliff et al. 2013,https://doi.org/10.1016/j.atmosenv.2012.11.038,NA,NA,NA
R276,BALP+MO2,HO2+BAL1+HCHO,3.5600E-14*exp(7.0800E+02/T),RACM2,gas,Goliff et al. 2013,https://doi.org/10.1016/j.atmosenv.2012.11.038,NA,NA,NA
R277,BAL1+MO2,HO2+BAL2+HCHO,3.5600E-14*exp(7.0800E+02/T),RACM2,gas,Goliff et al. 2013,https://doi.org/10.1016/j.atmosenv.2012.11.038,NA,NA,NA
R278,ADDC+MO2,2.00000*HO2+HCHO+0.32000*HKET+0.68000*GLY+0.68000*OP2,3.5600E-14*exp(7.0800E+02/T),RACM2,gas,Goliff et al. 2013,https://doi.org/10.1016/j.atmosenv.2012.11.038,NA,NA,NA
R279,MCTP+MO2,HO2+MCTO+HCHO,3.5600E-14*exp(7.0800E+02/T),RACM2,gas,Goliff et al. 2013,https://doi.org/10.1016/j.atmosenv.2012.11.038,NA,NA,NA
R280,ORAP+MO2,HCHO+HO2+GLY,7.5000E-13*exp(5.0000E+02/T),RACM2,gas,Goliff et al. 2013,https://doi.org/10.1016/j.atmosenv.2012.11.038,NA,NA,NA
R281,OLNN+MO2,2.00000*HO2+HCHO+ONIT,1.6000E-13*exp(7.0800E+02/T),RACM2,gas,Goliff et al. 2013,https://doi.org/10.1016/j.atmosenv.2012.11.038,NA,NA,NA
R282,OLND+MO2,0.50000*HO2+0.50000*NO2+0.96500*HCHO+0.93000*ALD+0.34800*KET+0.25000*MOH+0.25000*ROH+0.50000*ONIT,9.6800E-14*exp(7.0800E+02/T),RACM2,gas,Goliff et al. 2013,https://doi.org/10.1016/j.atmosenv.2012.11.038,NA,NA,NA
R283,ADCN+MO2,HO2+0.70000*NO2+HCHO+0.70000*GLY+0.70000*OP2+0.30000*ONIT,3.5600E-14,RACM2,gas,Goliff et al. 2013,https://doi.org/10.1016/j.atmosenv.2012.11.038,NA,NA,NA
R284,XO2+MO2,HO2+HCHO,5.9900E-15*exp(1.5100E+03/T),RACM2,gas,Goliff et al. 2013,https://doi.org/10.1016/j.atmosenv.2012.11.038,NA,NA,NA
R285,ETHP+ACO3,0.50000*HO2+0.50000*MO2+ACD+0.50000*ORA2,1.0300E-12*exp(2.1100E+02/T),RACM2,gas,Goliff et al. 2013,https://doi.org/10.1016/j.atmosenv.2012.11.038,NA,NA,NA
R286,HC3P+ACO3,0.39400*HO2+0.58000*MO2+0.02600*ETHP+0.02600*XO2+0.13000*HCHO+0.27300*ALD+0.66200*KET+0.06700*GLY+0.50000*ORA2,6.9000E-13*exp(4.6000E+02/T),RACM2,gas,Goliff et al. 2013,https://doi.org/10.1016/j.atmosenv.2012.11.038,NA,NA,NA
R287,HC5P+ACO3,0.34200*HO2+0.51800*MO2+0.14000*ETHP+0.19100*XO2+0.04200*HCHO+0.38100*ALD+0.82400*KET+0.50000*ORA2,5.5900E-13*exp(5.2200E+02/T),RACM2,gas,Goliff et al. 2013,https://doi.org/10.1016/j.atmosenv.2012.11.038,NA,NA,NA
R289,ETEP+ACO3,0.50000*HO2+0.50000*MO2+1.60000*HCHO+0.20000*ALD+0.50000*ORA2,9.4800E-13*exp(7.6500E+02/T),RACM2,gas,Goliff et al. 2013,https://doi.org/10.1016/j.atmosenv.2012.11.038,NA,NA,NA
R290,OLTP+ACO3,0.50000*HO2+0.50000*MO2+HCHO+0.94000*ALD+0.06000*KET+0.50000*ORA2,8.1100E-13*exp(7.6500E+02/T),RACM2,gas,Goliff et al. 2013,https://doi.org/10.1016/j.atmosenv.2012.11.038,NA,NA,NA
R291,OLIP+ACO3,0.50000*HO2+0.50000*MO2+1.71000*ALD+0.29000*KET+0.50000*ORA2,5.0900E-13*exp(7.6500E+02/T),RACM2,gas,Goliff et al. 2013,https://doi.org/10.1016/j.atmosenv.2012.11.038,NA,NA,NA
ROCARO36,BENP+ACO3,0.70000*MO2+HO2+0.30000*ORA2+0.00000*BALD+GLY+0.50000*FURANONE+0.25000*DCB2+0.25000*DCB3,7.4000E-13*exp(7.6500E+02/T),CRACMM1,gas,Pye et al. 2023,https://doi.org/10.5194/acp-23-5043-2023,NA,NA,NA
ROCARO46,TOLP+ACO3,0.70000*MO2+0.91460*HO2+0.30000*ORA2+0.08540*BALD+0.54880*GLY+0.36590*MGLY+0.36590*FURANONE+0.54880*DCB1,7.4000E-13*exp(7.6500E+02/T),CRACMM1,gas,Pye et al. 2023,https://doi.org/10.5194/acp-23-5043-2023,NA,NA,NA
ROCARO56,XYLP+ACO3,0.70000*MO2+0.95180*HO2+0.30000*ORA2+0.04820*BALD+0.70430*GLY+0.24750*MGLY+0.35220*FURANONE+0.59960*DCB2,7.4000E-13*exp(7.6500E+02/T),CRACMM1,gas,Pye et al. 2023,https://doi.org/10.5194/acp-23-5043-2023,NA,NA,NA
ROCARO66,EBZP+ACO3,0.70000*MO2+0.91460*HO2+0.30000*ORA2+0.08540*BALD+0.54880*GLY+0.36590*MGLY+0.45730*FURANONE+0.45730*DCB2,7.4000E-13*exp(7.6500E+02/T),CRACMM1,gas,Pye et al. 2023,https://doi.org/10.5194/acp-23-5043-2023,NA,NA,NA
R300,ISOP+ACO3,0.50000*HO2+0.50000*MO2+1.04800*HCHO+0.21900*MACR+0.30500*MVK+0.50000*ORA2,8.4000E-14*exp(2.2100E+02/T),RACM2,gas,Goliff et al. 2013,https://doi.org/10.1016/j.atmosenv.2012.11.038,NA,NA,NA
R301,APIP1+ACO3,0.25350*PINAL+0.37100*ALD+0.09100*OPB+0.11650*ACT+0.17250*LIMAL+0.40300*HCHO+HO2+MO2+0.11200*KET,2.0000E-12*exp(5.0000E+02/T),CRACMM2,gas,Skipper et al. 2024,https://doi.org/10.5194/acp-24-12903-2024,Schwantes et al. 2020,https://doi.org/10.5194/acp-20-3739-2020,"Products in the API system have been updated to include products from α-pinene and β-pinene, assuming a 65/35 split of α-/β-pinene (based on biogenic emission totals over the contiguous US). Updated reactions are based on α-pinene and β-pinene chemistry in the MOZART-TS2 mechanism developed by Schwantes et al. (2020)."
TRP35,APIP2+ACO3,0.50000*HO+0.50000*MO2+0.50000*ORA2+VHOM,1.0000E-10,CRACMM1,gas,Pye et al. 2023,https://doi.org/10.5194/acp-23-5043-2023,NA,NA,NA
TRP36,APINP1+ACO3,0.82500*NO2+0.65000*PINAL+MO2+0.17500*VTRPN+0.16800*ALD+0.00700*KET+0.00700*HCHO+0.17500*HO2,2.0000E-12*exp(5.0000E+02/T),CRACMM2,gas,Skipper et al. 2024,https://doi.org/10.5194/acp-24-12903-2024,Schwantes et al. 2020,https://doi.org/10.5194/acp-20-3739-2020,"Products in the API system have been updated to include products from α-pinene and β-pinene, assuming a 65/35 split of α-/β-pinene (based on biogenic emission totals over the contiguous US). Updated reactions are based on α-pinene and β-pinene chemistry in the MOZART-TS2 mechanism developed by Schwantes et al. (2020)."
TRP37,APINP2+ACO3,0.50000*NO2+0.50000*MO2+0.50000*ORA2+VHOM,1.0000E-10,CRACMM1,gas,Pye et al. 2023,https://doi.org/10.5194/acp-23-5043-2023,NA,NA,NA
R302,LIMP1+ACO3,LIMAL+0.56000*HCHO+HO2+MO2,2.0000E-12*exp(5.0000E+02/T),CRACMM2,gas,Skipper et al. 2024,https://doi.org/10.5194/acp-24-12903-2024,Schwantes et al. 2020,https://doi.org/10.5194/acp-20-3739-2020,Reactions and products in the LIM system have been updated based on limonene chemistry in the MOZART-TS2 mechanism developed by Schwantes et al. (2020).
TRP38,LIMP2+ACO3,0.50000*HO+0.50000*MO2+0.50000*ORA2+VHOM,1.0000E-10,CRACMM1,gas,Pye et al. 2023,https://doi.org/10.5194/acp-23-5043-2023,NA,NA,NA
TRP39,LIMNP1+ACO3,MO2+0.46000*NO2+0.46000*LIMAL+0.54000*VTRPN+0.54000*HO2,2.0000E-12*exp(5.0000E+02/T),CRACMM2,gas,Skipper et al. 2024,https://doi.org/10.5194/acp-24-12903-2024,Schwantes et al. 2020,https://doi.org/10.5194/acp-20-3739-2020,Reactions and products in the LIM system have been updated based on limonene chemistry in the MOZART-TS2 mechanism developed by Schwantes et al. (2020).
TRP40,LIMNP2+ACO3,0.50000*MO2+0.50000*NO2+0.50000*ORA2+VHOM,1.0000E-10,CRACMM1,gas,Pye et al. 2023,https://doi.org/10.5194/acp-23-5043-2023,NA,NA,NA
R303,ACO3+ACO3,2.00000*MO2,2.5000E-12*exp(5.0000E+02/T),RACM2,gas,Goliff et al. 2013,https://doi.org/10.1016/j.atmosenv.2012.11.038,NA,NA,NA
R304,RCO3+ACO3,MO2+ETHP,2.5000E-12*exp(5.0000E+02/T),RACM2,gas,Goliff et al. 2013,https://doi.org/10.1016/j.atmosenv.2012.11.038,NA,NA,NA
R305,ACTP+ACO3,0.50000*MO2+0.50000*ACO3+HCHO+0.75000*ORA2,7.5100E-13*exp(5.6500E+02/T),RACM2,gas,Goliff et al. 2013,https://doi.org/10.1016/j.atmosenv.2012.11.038,NA,NA,NA
R306,MEKP+ACO3,0.33000*HO2+0.50000*MO2+0.33000*HCHO+0.33400*DCB1+0.50000*ORA2,7.5100E-13*exp(5.6500E+02/T),RACM2,gas,Goliff et al. 2013,https://doi.org/10.1016/j.atmosenv.2012.11.038,NA,NA,NA
R307,KETP+ACO3,0.50000*HO2+0.50000*MO2+0.50000*DCB1+0.50000*ORA2,7.5100E-13*exp(5.6500E+02/T),RACM2,gas,Goliff et al. 2013,https://doi.org/10.1016/j.atmosenv.2012.11.038,NA,NA,NA
R308,MACP+ACO3,0.63500*ORA2+0.50000*MO2+0.26900*ACO3+0.50000*CO+HCHO,8.4000E-14*exp(2.2100E+02/T),RACM2,gas,Goliff et al. 2013,https://doi.org/10.1016/j.atmosenv.2012.11.038,NA,NA,NA
R309,MCP+ACO3,NO2+0.50000*HO2+HCHO+0.50000*HKET+0.50000*MO2+0.50000*ORA2,8.4000E-14*exp(2.2100E+02/T),RACM2,gas,Goliff et al. 2013,https://doi.org/10.1016/j.atmosenv.2012.11.038,NA,NA,NA
R310,MVKP+ACO3,0.50000*HO2+0.50000*MO2+1.16000*ACO3+1.16000*XO2+HCHO+2.30000*ALD+0.50000*MGLY+1.08300*ORA2,1.6800E-12*exp(5.0000E+02/T),RACM2,gas,Goliff et al. 2013,https://doi.org/10.1016/j.atmosenv.2012.11.038,NA,NA,NA
R311,UALP+ACO3,0.50000*HO2+0.50000*MO2+0.50000*CO+0.03000*HCHO+0.27000*ALD+0.70000*KET+0.18000*GLY+0.10500*MGLY+0.50000*ORA2,1.6800E-12*exp(5.0000E+02/T),RACM2,gas,Goliff et al. 2013,https://doi.org/10.1016/j.atmosenv.2012.11.038,NA,NA,NA
R312,BALP+ACO3,MO2+BAL1,7.4000E-13*exp(7.6500E+02/T),RACM2,gas,Goliff et al. 2013,https://doi.org/10.1016/j.atmosenv.2012.11.038,NA,NA,NA
R313,BAL1+ACO3,MO2+BAL2,7.4000E-13*exp(7.6500E+02/T),RACM2,gas,Goliff et al. 2013,https://doi.org/10.1016/j.atmosenv.2012.11.038,NA,NA,NA
R314,ADDC+ACO3,2.00000*HO2+MO2+0.32000*HKET+0.68000*GLY+0.68000*OP2,7.4000E-13*exp(7.0800E+02/T),RACM2,gas,Goliff et al. 2013,https://doi.org/10.1016/j.atmosenv.2012.11.038,NA,NA,NA
R315,MCTP+ACO3,HO2+MO2+MCTO,7.4000E-13*exp(7.0800E+02/T),RACM2,gas,Goliff et al. 2013,https://doi.org/10.1016/j.atmosenv.2012.11.038,NA,NA,NA
R316,ORAP+ACO3,MO2+GLY,7.5100E-13*exp(5.6500E+02/T),RACM2,gas,Goliff et al. 2013,https://doi.org/10.1016/j.atmosenv.2012.11.038,NA,NA,NA
R317,OLNN+ACO3,HO2+MO2+ONIT,8.8500E-13*exp(7.6500E+02/T),RACM2,gas,Goliff et al. 2013,https://doi.org/10.1016/j.atmosenv.2012.11.038,NA,NA,NA
R318,OLND+ACO3,0.50000*MO2+NO2+0.28700*HCHO+1.24000*ALD+0.46400*KET+0.50000*ORA2,5.3700E-13*exp(7.6500E+02/T),RACM2,gas,Goliff et al. 2013,https://doi.org/10.1016/j.atmosenv.2012.11.038,NA,NA,NA
R319,ADCN+ACO3,HO2+MO2+0.70000*NO2+0.70000*GLY+0.70000*OP2+0.30000*ONIT,7.4000E-13*exp(7.0800E+02/T),RACM2,gas,Goliff et al. 2013,https://doi.org/10.1016/j.atmosenv.2012.11.038,NA,NA,NA
R320,XO2+ACO3,MO2,3.4000E-14*exp(1.5600E+03/T),RACM2,gas,Goliff et al. 2013,https://doi.org/10.1016/j.atmosenv.2012.11.038,NA,NA,NA
R321,RCO3+RCO3,2.00000*ETHP,2.5000E-12*exp(5.0000E+02/T),RACM2,gas,Goliff et al. 2013,https://doi.org/10.1016/j.atmosenv.2012.11.038,NA,NA,NA
R322,MO2+NO3,HO2+HCHO+NO2,1.2000E-12,RACM2,gas,Goliff et al. 2013,https://doi.org/10.1016/j.atmosenv.2012.11.038,NA,NA,NA
R323,ETHP+NO3,HO2+NO2+ACD,1.2000E-12,RACM2,gas,Goliff et al. 2013,https://doi.org/10.1016/j.atmosenv.2012.11.038,NA,NA,NA
R324,HC3P+NO3,0.25400*HO2+0.14000*MO2+0.09200*XO2+0.50300*ETHP+NO2+0.51900*ACD+0.14700*ALD+0.07500*MEK+0.09500*ACT,1.2000E-12,RACM2,gas,Goliff et al. 2013,https://doi.org/10.1016/j.atmosenv.2012.11.038,NA,NA,NA
R325,HC5P+NO3,0.48800*HO2+0.05500*MO2+0.28000*ETHP+0.48500*XO2+NO2+0.02400*HCHO+0.24100*ALD+0.06000*KET+0.06300*MEK+0.24700*ACT+0.04800*ACD+0.27500*HKET,1.2000E-12,RACM2,gas,Goliff et al. 2013,https://doi.org/10.1016/j.atmosenv.2012.11.038,NA,NA,NA
R327,ETEP+NO3,HO2+NO2+1.60000*HCHO+0.20000*ALD,1.2000E-12,RACM2,gas,Goliff et al. 2013,https://doi.org/10.1016/j.atmosenv.2012.11.038,NA,NA,NA
R328,OLTP+NO3,0.47000*ALD+0.79000*HCHO+0.79000*HO2+NO2+0.18000*MEK+0.02000*ACD+0.09000*ACT,1.2000E-12,RACM2,gas,Goliff et al. 2013,https://doi.org/10.1016/j.atmosenv.2012.11.038,NA,NA,NA
R329,OLIP+NO3,0.86000*HO2+0.72000*ALD+0.11000*KET+NO2+0.20000*ACT+0.85000*ACD+0.04000*HKET,1.2000E-12,RACM2,gas,Goliff et al. 2013,https://doi.org/10.1016/j.atmosenv.2012.11.038,NA,NA,NA
ROCARO34,BENP+NO3,NO2+HO2+0.00000*BALD+GLY+0.50000*FURANONE+0.25000*DCB2+0.25000*DCB3,2.3000E-12,CRACMM1,gas,Pye et al. 2023,https://doi.org/10.5194/acp-23-5043-2023,NA,NA,NA
ROCARO44,TOLP+NO3,NO2+0.91460*HO2+0.08540*BALD+0.54880*GLY+0.36590*MGLY+0.36590*FURANONE+0.54880*DCB1,2.3000E-12,CRACMM1,gas,Pye et al. 2023,https://doi.org/10.5194/acp-23-5043-2023,NA,NA,NA
ROCARO54,XYLP+NO3,NO2+0.95180*HO2+0.04820*BALD+0.70430*GLY+0.24750*MGLY+0.35220*FURANONE+0.59960*DCB2,2.3000E-12,CRACMM1,gas,Pye et al. 2023,https://doi.org/10.5194/acp-23-5043-2023,NA,NA,NA
ROCARO64,EBZP+NO3,NO2+0.91460*HO2+0.08540*BALD+0.54880*GLY+0.36590*MGLY+0.45730*FURANONE+0.45730*DCB2,2.3000E-12,CRACMM1,gas,Pye et al. 2023,https://doi.org/10.5194/acp-23-5043-2023,NA,NA,NA
R338,ISOP+NO3,HO2+NO2+0.75000*HCHO+0.31800*MACR+0.50000*MVK+0.02400*GLY+0.03300*HKET+0.03100*ALD,1.2000E-12,RACM2,gas,Goliff et al. 2013,https://doi.org/10.1016/j.atmosenv.2012.11.038,NA,NA,NA
R339,APIP1+NO3,NO2+HO2+0.25350*PINAL+0.37100*ALD+0.11650*ACT+0.17250*LIMAL+0.40300*HCHO+0.09100*OPB+0.11200*KET,2.3000E-12,CRACMM2,gas,Skipper et al. 2024,https://doi.org/10.5194/acp-24-12903-2024,Schwantes et al. 2020,https://doi.org/10.5194/acp-20-3739-2020,"Products in the API system have been updated to include products from alpha-pinene and beta-pinene, assuming a 65/35 split of alpha-/beta-pinene (based on biogenic emission totals over the contiguous US). Updated reactions are based on alpha-pinene and beta-pinene chemistry in the MOZART-TS2 mechanism developed by Schwantes et al. (2020)."
R340,LIMP1+NO3,HO2+NO2+LIMAL+0.56000*HCHO,2.3000E-12,CRACMM2,gas,Skipper et al. 2024,https://doi.org/10.5194/acp-24-12903-2024,Schwantes et al. 2020,https://doi.org/10.5194/acp-20-3739-2020,Reactions and products in the LIM system have been updated based on limonene chemistry in the MOZART-TS2 mechanism developed by Schwantes et al. (2020).
TRP53,APINP1+NO3,1.82500*NO2+0.65000*PINAL+0.17500*VTRPN+0.16800*ALD+0.00700*KET+0.00700*HCHO+0.17500*HO2,2.3000E-12,CRACMM2,gas,Skipper et al. 2024,https://doi.org/10.5194/acp-24-12903-2024,Schwantes et al. 2020,https://doi.org/10.5194/acp-20-3739-2020,"Products in the API system have been updated to include products from alpha-pinene and beta-pinene, assuming a 65/35 split of alpha-/beta-pinene (based on biogenic emission totals over the contiguous US). Updated reactions are based on alpha-pinene and beta-pinene chemistry in the MOZART-TS2 mechanism developed by Schwantes et al. (2020)."
TRP54,LIMNP1+NO3,1.46000*NO2+0.46000*LIMAL+0.54000*VTRPN+0.54000*HO2,2.3000E-12,CRACMM2,gas,Skipper et al. 2024,https://doi.org/10.5194/acp-24-12903-2024,Schwantes et al. 2020,https://doi.org/10.5194/acp-20-3739-2020,Reactions and products in the LIM system have been updated based on limonene chemistry in the MOZART-TS2 mechanism developed by Schwantes et al. (2020).
R341,ACO3+NO3,MO2+NO2,4.0000E-12,RACM2,gas,Goliff et al. 2013,https://doi.org/10.1016/j.atmosenv.2012.11.038,NA,NA,NA
R342,RCO3+NO3,ETHP+NO2,4.0000E-12,RACM2,gas,Goliff et al. 2013,https://doi.org/10.1016/j.atmosenv.2012.11.038,NA,NA,NA
R343,ACTP+NO3,ACO3+NO2+HCHO,1.2000E-12,RACM2,gas,Goliff et al. 2013,https://doi.org/10.1016/j.atmosenv.2012.11.038,NA,NA,NA
R344,MEKP+NO3,0.67000*HO2+NO2+0.33000*HCHO+0.67000*DCB1,1.2000E-12,RACM2,gas,Goliff et al. 2013,https://doi.org/10.1016/j.atmosenv.2012.11.038,NA,NA,NA
R345,KETP+NO3,HO2+NO2+DCB1,1.2000E-12,RACM2,gas,Goliff et al. 2013,https://doi.org/10.1016/j.atmosenv.2012.11.038,NA,NA,NA
R346,MACP+NO3,HCHO+0.53800*ACO3+CO+NO2,1.2000E-12,RACM2,gas,Goliff et al. 2013,https://doi.org/10.1016/j.atmosenv.2012.11.038,NA,NA,NA
R347,MCP+NO3,NO2+HO2+HCHO+HKET,1.2000E-12,RACM2,gas,Goliff et al. 2013,https://doi.org/10.1016/j.atmosenv.2012.11.038,NA,NA,NA
R348,MVKP+NO3,0.30000*HO2+0.70000*ACO3+0.70000*XO2+NO2+0.30000*HCHO+0.70000*ALD+0.30000*MGLY,2.5000E-12,RACM2,gas,Goliff et al. 2013,https://doi.org/10.1016/j.atmosenv.2012.11.038,NA,NA,NA
R349,UALP+NO3,HO2+NO2+0.61000*CO+0.03000*HCHO+0.27000*ALD+0.70000*KET+0.18000*GLY+0.21000*MGLY,2.5000E-12,RACM2,gas,Goliff et al. 2013,https://doi.org/10.1016/j.atmosenv.2012.11.038,NA,NA,NA
R350,BALP+NO3,BAL1+NO2,2.5000E-12,RACM2,gas,Goliff et al. 2013,https://doi.org/10.1016/j.atmosenv.2012.11.038,NA,NA,NA
R351,BAL1+NO3,BAL2+NO2,2.5000E-12,RACM2,gas,Goliff et al. 2013,https://doi.org/10.1016/j.atmosenv.2012.11.038,NA,NA,NA
R352,ADDC+NO3,HO2+NO2+0.32000*HKET+0.68000*GLY+0.68000*OP2,1.2000E-12,RACM2,gas,Goliff et al. 2013,https://doi.org/10.1016/j.atmosenv.2012.11.038,NA,NA,NA
R353,MCTP+NO3,NO2+MCTO,1.2000E-12,RACM2,gas,Goliff et al. 2013,https://doi.org/10.1016/j.atmosenv.2012.11.038,NA,NA,NA
R354,ORAP+NO3,NO2+GLY+HO2,1.2000E-12,RACM2,gas,Goliff et al. 2013,https://doi.org/10.1016/j.atmosenv.2012.11.038,NA,NA,NA
R355,OLNN+NO3,HO2+NO2+ONIT,1.2000E-12,RACM2,gas,Goliff et al. 2013,https://doi.org/10.1016/j.atmosenv.2012.11.038,NA,NA,NA
R356,OLND+NO3,2.00000*NO2+0.28700*HCHO+1.24000*ALD+0.46400*KET,1.2000E-12,RACM2,gas,Goliff et al. 2013,https://doi.org/10.1016/j.atmosenv.2012.11.038,NA,NA,NA
R357,ADCN+NO3,2.00000*NO2+GLY+OP2,1.2000E-12,RACM2,gas,Goliff et al. 2013,https://doi.org/10.1016/j.atmosenv.2012.11.038,NA,NA,NA
R358,OLNN+OLNN,HO2+2.00000*ONIT,7.0000E-14*exp(1.0000E+03/T),RACM2,gas,Goliff et al. 2013,https://doi.org/10.1016/j.atmosenv.2012.11.038,NA,NA,NA
R359,OLNN+OLND,0.50000*HO2+0.50000*NO2+0.20200*HCHO+0.64000*ALD+0.14900*KET+1.50000*ONIT,4.2500E-14*exp(1.0000E+03/T),RACM2,gas,Goliff et al. 2013,https://doi.org/10.1016/j.atmosenv.2012.11.038,NA,NA,NA
R360,OLND+OLND,NO2+0.50400*HCHO+1.21000*ALD+0.28500*KET+ONIT,2.9600E-14*exp(1.0000E+03/T),RACM2,gas,Goliff et al. 2013,https://doi.org/10.1016/j.atmosenv.2012.11.038,NA,NA,NA
R361,XO2+NO3,NO2,1.2000E-12,RACM2,gas,Goliff et al. 2013,https://doi.org/10.1016/j.atmosenv.2012.11.038,NA,NA,NA
R362,XO2+RCO3,ETHP,2.5000E-12*exp(5.0000E+02/T),RACM2,gas,Goliff et al. 2013,https://doi.org/10.1016/j.atmosenv.2012.11.038,NA,NA,NA
R363,XO2+XO2,,7.1300E-17*exp(2.9500E+03/T),RACM2,gas,Goliff et al. 2013,https://doi.org/10.1016/j.atmosenv.2012.11.038,NA,NA,NA
TRP41,APIP2+APIP1,0.96000*VHOM+0.48000*ROH+0.48000*PINAL+0.48000*HO+0.48000*HO2+0.04000*VELHOM,1.0000E-10,CRACMM1,gas,Pye et al. 2023,https://doi.org/10.5194/acp-23-5043-2023,NA,NA,NA
TRP42,APIP2+LIMP1,0.96000*VHOM+0.48000*ROH+0.48000*LIMAL+0.48000*HO+0.48000*HO2+0.04000*VELHOM,1.0000E-10,CRACMM1,gas,Pye et al. 2023,https://doi.org/10.5194/acp-23-5043-2023,NA,NA,NA
TRP43,APIP2+ISOP,0.96000*VHOM+0.48000*ROH+0.48000*HCHO+0.48000*MVK+0.48000*HO+0.48000*HO2+0.04000*VELHOM,1.0000E-10,CRACMM1,gas,Pye et al. 2023,https://doi.org/10.5194/acp-23-5043-2023,NA,NA,NA
TRP44,LIMP2+APIP1,0.96000*VHOM+0.48000*ROH+0.48000*PINAL+0.48000*HO+0.48000*HO2+0.04000*VELHOM,1.0000E-10,CRACMM1,gas,Pye et al. 2023,https://doi.org/10.5194/acp-23-5043-2023,NA,NA,NA
TRP45,LIMP2+LIMP1,0.96000*VHOM+0.48000*ROH+0.48000*LIMAL+0.48000*HO+0.48000*HO2+0.04000*VELHOM,1.0000E-10,CRACMM1,gas,Pye et al. 2023,https://doi.org/10.5194/acp-23-5043-2023,NA,NA,NA
TRP46,LIMP2+ISOP,0.96000*VHOM+0.48000*ROH+0.48000*HCHO+0.48000*MVK+0.48000*HO+0.48000*HO2+0.04000*VELHOM,1.0000E-10,CRACMM1,gas,Pye et al. 2023,https://doi.org/10.5194/acp-23-5043-2023,NA,NA,NA
TRP47,APINP2+APIP1,0.96000*VHOM+0.48000*ROH+0.48000*PINAL+0.48000*NO2+0.48000*HO2+0.04000*VELHOM,1.0000E-10,CRACMM1,gas,Pye et al. 2023,https://doi.org/10.5194/acp-23-5043-2023,NA,NA,NA
TRP48,APINP2+LIMP1,0.96000*VHOM+0.48000*ROH+0.48000*LIMAL+0.48000*NO2+0.48000*HO2+0.04000*VELHOM,1.0000E-10,CRACMM1,gas,Pye et al. 2023,https://doi.org/10.5194/acp-23-5043-2023,NA,NA,NA
TRP49,APINP2+ISOP,0.96000*VHOM+0.48000*ROH+0.48000*HCHO+0.48000*MVK+0.48000*NO2+0.48000*HO2+0.04000*VELHOM,1.0000E-10,CRACMM1,gas,Pye et al. 2023,https://doi.org/10.5194/acp-23-5043-2023,NA,NA,NA
TRP50,LIMNP2+APIP1,0.96000*VHOM+0.48000*ROH+0.48000*PINAL+0.48000*NO2+0.48000*HO2+0.04000*VELHOM,1.0000E-10,CRACMM1,gas,Pye et al. 2023,https://doi.org/10.5194/acp-23-5043-2023,NA,NA,NA
TRP51,LIMNP2+LIMP1,0.96000*VHOM+0.48000*ROH+0.48000*LIMAL+0.48000*NO2+0.48000*HO2+0.04000*VELHOM,1.0000E-10,CRACMM1,gas,Pye et al. 2023,https://doi.org/10.5194/acp-23-5043-2023,NA,NA,NA
TRP52,LIMNP2+ISOP,0.96000*VHOM+0.48000*ROH+0.48000*HCHO+0.48000*MVK+0.48000*NO2+0.48000*HO2+0.04000*VELHOM,1.0000E-10,CRACMM1,gas,Pye et al. 2023,https://doi.org/10.5194/acp-23-5043-2023,NA,NA,NA
RAM17,IEPOX+HO,HO,5.7800E-11*exp(-4.0000E+02/T),CRACMM1,gas,Pye et al. 2023,https://doi.org/10.5194/acp-23-5043-2023,NA,NA,NA
R001c,VROCIOXY+HO,0.85200*ETHP+0.14900*ASOATJ,6.8900E-12,CRACMM1,gas,Pye et al. 2023,https://doi.org/10.5194/acp-23-5043-2023,NA,NA,NA
R002c,SLOWROC+HO,ETHP+0.00101*ASOATJ,6.5500E-14,CRACMM1,gas,Pye et al. 2023,https://doi.org/10.5194/acp-23-5043-2023,NA,NA,NA
T17,ACRO+HO,0.57000*MACP+0.43000*MCP,8.0000E-12*exp(3.8000E+02/T),CRACMM1,gas,Pye et al. 2023,https://doi.org/10.5194/acp-23-5043-2023,NA,NA,NA
T18,ACRO+O3,0.84000*CO+0.56000*HO2+0.28000*HO+0.72000*HCHO+0.62000*GLY,2.9000E-19,CRACMM1,gas,Pye et al. 2023,https://doi.org/10.5194/acp-23-5043-2023,NA,NA,NA
T19,ACRO+NO3,0.68000*HCHO+0.32000*MACP+0.68000*XO2+0.68000*MGLY+0.32000*HNO3+0.68000*NO2,3.4000E-15,CRACMM1,gas,Pye et al. 2023,https://doi.org/10.5194/acp-23-5043-2023,NA,NA,NA
T20,ACRO,CO+0.47700*HO2+0.25000*ETE+0.35400*ACO3+0.20400*HO+0.15000*HCHO+0.02700*MO2,ACRO_09,CRACMM1,gas,Pye et al. 2023,https://doi.org/10.5194/acp-23-5043-2023,NA,NA,NA
T10,BDE13+HO,0.66700*BDE13P+0.33300*UALD+0.33300*HO2,1.4800E-11*exp(4.4800E+02/T),CRACMM1,gas,Pye et al. 2023,https://doi.org/10.5194/acp-23-5043-2023,NA,NA,NA
T10a,BDE13P+NO,0.96800*HO2+0.96800*NO2+0.89500*ACRO+0.89500*HCHO+0.07200*FURAN+0.03200*ONIT,9.0500E-12,CRACMM1,gas,Pye et al. 2023,https://doi.org/10.5194/acp-23-5043-2023,NA,NA,NA
T10b,BDE13P+NO3,HO2+NO2+0.92500*ACRO+0.92500*HCHO+0.07500*FURAN,2.3000E-12,CRACMM1,gas,Pye et al. 2023,https://doi.org/10.5194/acp-23-5043-2023,NA,NA,NA
T10c,BDE13P+HO2,OP2,1.6100E-11,CRACMM1,gas,Pye et al. 2023,https://doi.org/10.5194/acp-23-5043-2023,NA,NA,NA
T10d,BDE13P+MO2,0.32000*MOH+1.14300*HCHO+0.87000*HO2+0.46300*ACRO+0.25000*OLT+0.23100*MVK+0.03700*FURAN+0.01900*UALD,2.3900E-12,CRACMM1,gas,Pye et al. 2023,https://doi.org/10.5194/acp-23-5043-2023,NA,NA,NA
T10e,BDE13P+ACO3,0.70000*MO2+0.30000*ORA2+0.80000*HO2+0.74000*ACRO+0.74000*HCHO+0.18500*MVK+0.06000*FURAN+0.01500*UALD,1.3700E-11,CRACMM1,gas,Pye et al. 2023,https://doi.org/10.5194/acp-23-5043-2023,NA,NA,NA
T11,BDE13+O3,0.62000*ACRO+0.63000*CO+0.42000*HO2+0.08000*HO+0.83000*HCHO+0.17000*ETE,1.3400E-14*exp(-2.2830E+03/T),CRACMM1,gas,Pye et al. 2023,https://doi.org/10.5194/acp-23-5043-2023,NA,NA,NA
T12,BDE13+NO3,0.90000*OLNN+0.10000*OLND+0.90000*ACRO,1.0000E-13,CRACMM1,gas,Pye et al. 2023,https://doi.org/10.5194/acp-23-5043-2023,NA,NA,NA
R003c,FURAN+HO,0.49000*DCB1+0.49000*HO2+0.51000*FURANO2,5.0100E-11,CRACMM1,gas,Pye et al. 2023,https://doi.org/10.5194/acp-23-5043-2023,NA,NA,NA
R004c,FURANO2+NO,0.08000*ONIT+0.92000*NO2+0.92000*FURANONE+0.75000*HO2+0.17000*MO2,2.7000E-12*exp(3.6000E+02/T),CRACMM1,gas,Pye et al. 2023,https://doi.org/10.5194/acp-23-5043-2023,NA,NA,NA
R005c,FURANO2+HO2,0.60000*OP2+0.40000*FURANONE+0.40000*HO+0.32000*HO2+0.08000*MO2,3.7500E-13*exp(9.8000E+02/T),CRACMM1,gas,Pye et al. 2023,https://doi.org/10.5194/acp-23-5043-2023,NA,NA,NA
R006c,FURANONE+HO,0.65000*KET+0.31000*GLY+0.66000*HO2+0.34000*MO2+0.43000*CO+0.04000*ASOATJ,4.4000E-11,CRACMM1,gas,Pye et al. 2023,https://doi.org/10.5194/acp-23-5043-2023,NA,NA,NA
R007c,FURAN+O3,0.02000*HO+ALD,3.4300E-17,CRACMM1,gas,Pye et al. 2023,https://doi.org/10.5194/acp-23-5043-2023,NA,NA,NA
R008c,FURAN+NO3,NO2+0.80000*DCB1+0.20000*DCB3,8.9900E-12,CRACMM1,gas,Pye et al. 2023,https://doi.org/10.5194/acp-23-5043-2023,NA,NA,NA
R010c,PROG+HO,0.61300*HKET+0.38700*ALD+HO2,1.2000E-11,CRACMM1,gas,Pye et al. 2023,https://doi.org/10.5194/acp-23-5043-2023,NA,NA,NA
R011c,SESQ+NO3,SESQNRO2,1.9000E-11,CRACMM1,gas,Pye et al. 2023,https://doi.org/10.5194/acp-23-5043-2023,NA,NA,NA
R012c,SESQNRO2+HO2,VROCP0OXY4,2.8400E-13*exp(1.3000E+03/T),CRACMM1,gas,Pye et al. 2023,https://doi.org/10.5194/acp-23-5043-2023,NA,NA,NA
R013c,SESQNRO2+NO,VROCP3OXY2+2.00000*NO2,2.7000E-12*exp(3.6000E+02/T),CRACMM1,gas,Pye et al. 2023,https://doi.org/10.5194/acp-23-5043-2023,NA,NA,NA
R014c,SESQNRO2+NO3,VROCP3OXY2+2.00000*NO2,2.3000E-12,CRACMM1,gas,Pye et al. 2023,https://doi.org/10.5194/acp-23-5043-2023,NA,NA,NA
R015c,SESQ+O3,0.98200*VROCP3OXY2+0.01800*VROCN2OXY2,1.2000E-14,CRACMM1,gas,Pye et al. 2023,https://doi.org/10.5194/acp-23-5043-2023,NA,NA,NA
R016c,SESQ+HO,SESQRO2,1.9700E-10,CRACMM1,gas,Pye et al. 2023,https://doi.org/10.5194/acp-23-5043-2023,NA,NA,NA
R017c,SESQRO2+HO2,VROCP0OXY2,2.8400E-13*exp(1.3000E+03/T),CRACMM1,gas,Pye et al. 2023,https://doi.org/10.5194/acp-23-5043-2023,NA,NA,NA
R019c,SESQRO2+NO3,VROCP3OXY2,2.3000E-12,CRACMM1,gas,Pye et al. 2023,https://doi.org/10.5194/acp-23-5043-2023,NA,NA,NA
R020c,SESQRO2+NO,0.24700*VROCP1OXY3+0.75300*VROCP3OXY2+0.75300*NO2,2.7000E-12*exp(3.6000E+02/T),CRACMM1,gas,Pye et al. 2023,https://doi.org/10.5194/acp-23-5043-2023,NA,NA,NA
HET_GLY,GLY,AGLYJ,HETERO_GLY,CRACMM1,mixed,Pye et al. 2023,https://doi.org/10.5194/acp-23-5043-2023,NA,NA,NA
HET_MGLY,MGLY,AGLYJ,HETERO_MGLY,CRACMM1,mixed,Pye et al. 2023,https://doi.org/10.5194/acp-23-5043-2023,NA,NA,NA
HET_N2O5,N2O5,2.00000*HNO3,HETERO_N2O5IJ,RACM2,mixed,Goliff et al. 2013,https://doi.org/10.1016/j.atmosenv.2012.11.038,NA,NA,NA
HET_NO2,NO2,0.50000*HONO+0.50000*HNO3,HETERO_NO2,CRACMM1,mixed,Pye et al. 2023,https://doi.org/10.5194/acp-23-5043-2023,NA,NA,NA
HET_HO2,HO2,,HETERO_HO2,CRACMM2,mixed,Skipper et al. 2024,https://doi.org/10.5194/acp-24-12903-2024,Ivatt et al. 2022,https://doi.org/10.1038/s41561-022-00972-9,"HO2 radical uptake is based on Ivatt et al., 2022."
HET_NO3,NO3,HNO3,HETERO_NO3,CRACMM2,mixed,Skipper et al. 2024,https://doi.org/10.5194/acp-24-12903-2024,Zhu et al. 2024,https://doi.org/10.5194/acp-24-5265-2024,"NO3 radical uptake is based on Jacob, 2000 and Zhu et al., 2023."
HAL_Ozone,O3,,SEAWATER*minof6.701E-11*exp(1.074E+01*P),RACM2,gas,Goliff et al. 2013,https://doi.org/10.1016/j.atmosenv.2012.11.038,NA,NA,NA
HET_IEPOX,IEPOX,IEPOXP,HETERO_IEPOX,CRACMM1,mixed,Pye et al. 2023,https://doi.org/10.5194/acp-23-5043-2023,NA,NA,NA
HET_ISO3TET,IEPOXP,AISO3NOSJ,HETERO_ISO3NOSJ,CRACMM1,mixed,Pye et al. 2023,https://doi.org/10.5194/acp-23-5043-2023,NA,NA,NA
HET_IEPOXOS,IEPOXP+ASO4J,AISO3OSJ,HETERO_ISO3OSJ,CRACMM1,mixed,Pye et al. 2023,https://doi.org/10.5194/acp-23-5043-2023,NA,NA,NA
HET_IPX,IPX,AISO4J,2.0000E+00HETERO_IEPOX,CRACMM2,mixed,Skipper et al. 2024,https://doi.org/10.5194/acp-24-12903-2024,Skipper et al. 2024,https://doi.org/10.5194/acp-24-12903-2024,Heterogeneous uptake of isoprene derived nitrates (INALD) and isoprene derived tetrafunctional compounds (IPX) are set to be proportional to IEPOX uptake.
HET_INALD,INALD,AISO5J+HNO3,5.0000E-01HETERO_IEPOX,CRACMM2,mixed,Skipper et al. 2024,https://doi.org/10.5194/acp-24-12903-2024,Skipper et al. 2024,https://doi.org/10.5194/acp-24-12903-2024,Heterogeneous uptake of isoprene derived nitrates (INALD) and isoprene derived tetrafunctional compounds (IPX) are set to be proportional to IEPOX uptake.
ROCALK1c,VROCP6ALK+HO,VROCP6ALKP,1.5300E-11,CRACMM1,gas,Pye et al. 2023,https://doi.org/10.5194/acp-23-5043-2023,NA,NA,NA
ROCALK2c,VROCP5ALK+HO,VROCP5ALKP,1.6800E-11,CRACMM1,gas,Pye et al. 2023,https://doi.org/10.5194/acp-23-5043-2023,NA,NA,NA
ROCALK3c,VROCP4ALK+HO,VROCP4ALKP,2.2400E-11,CRACMM1,gas,Pye et al. 2023,https://doi.org/10.5194/acp-23-5043-2023,NA,NA,NA
ROCALK4c,VROCP3ALK+HO,VROCP3ALKP,2.6700E-11,CRACMM1,gas,Pye et al. 2023,https://doi.org/10.5194/acp-23-5043-2023,NA,NA,NA
ROCALK5c,VROCP2ALK+HO,VROCP2ALKP,3.0900E-11,CRACMM1,gas,Pye et al. 2023,https://doi.org/10.5194/acp-23-5043-2023,NA,NA,NA
ROCALK6c,VROCP1ALK+HO,VROCP1ALKP,3.3800E-11,CRACMM1,gas,Pye et al. 2023,https://doi.org/10.5194/acp-23-5043-2023,NA,NA,NA
HC1001,HC10+HO,HC10P,1.1000E-11,CRACMM1,gas,Pye et al. 2023,https://doi.org/10.5194/acp-23-5043-2023,NA,NA,NA
ROCALK7c,VROCP6ALKP+NO,0.72000*VROCP6ALKP2+0.28000*VROCP4OXY2+0.72000*NO2,2.7000E-12*exp(3.6000E+02/T),CRACMM1,gas,Pye et al. 2023,https://doi.org/10.5194/acp-23-5043-2023,NA,NA,NA
ROCALK8c,VROCP5ALKP+NO,0.72000*VROCP5ALKP2+0.28000*VROCP3OXY2+0.72000*NO2,2.7000E-12*exp(3.6000E+02/T),CRACMM1,gas,Pye et al. 2023,https://doi.org/10.5194/acp-23-5043-2023,NA,NA,NA
ROCALK9c,VROCP4ALKP+NO,0.72000*VROCP4ALKP2+0.28000*VROCP2OXY2+0.72000*NO2,2.7000E-12*exp(3.6000E+02/T),CRACMM1,gas,Pye et al. 2023,https://doi.org/10.5194/acp-23-5043-2023,NA,NA,NA
ROCALK10c,VROCP3ALKP+NO,0.72000*VROCP3ALKP2+0.28000*VROCP1OXY1+0.72000*NO2,2.7000E-12*exp(3.6000E+02/T),CRACMM1,gas,Pye et al. 2023,https://doi.org/10.5194/acp-23-5043-2023,NA,NA,NA
ROCALK11c,VROCP2ALKP+NO,0.72000*VROCP2ALKP2+0.28000*VROCP0OXY2+0.72000*NO2,2.7000E-12*exp(3.6000E+02/T),CRACMM1,gas,Pye et al. 2023,https://doi.org/10.5194/acp-23-5043-2023,NA,NA,NA
ROCALK12c,VROCP1ALKP+NO,0.72000*VROCP1ALKP2+0.28000*VROCN1OXY1+0.72000*NO2,2.7000E-12*exp(3.6000E+02/T),CRACMM1,gas,Pye et al. 2023,https://doi.org/10.5194/acp-23-5043-2023,NA,NA,NA
HC1002,HC10P+NO,0.74000*HC10P2+0.26000*ONIT+0.74000*NO2,2.7000E-12*exp(3.6000E+02/T),CRACMM1,gas,Pye et al. 2023,https://doi.org/10.5194/acp-23-5043-2023,NA,NA,NA
ROCALK13c,VROCP6ALKP+NO3,VROCP6ALKP2+NO2,2.3000E-12,CRACMM1,gas,Pye et al. 2023,https://doi.org/10.5194/acp-23-5043-2023,NA,NA,NA
ROCALK14c,VROCP5ALKP+NO3,VROCP5ALKP2+NO2,2.3000E-12,CRACMM1,gas,Pye et al. 2023,https://doi.org/10.5194/acp-23-5043-2023,NA,NA,NA
ROCALK15c,VROCP4ALKP+NO3,VROCP4ALKP2+NO2,2.3000E-12,CRACMM1,gas,Pye et al. 2023,https://doi.org/10.5194/acp-23-5043-2023,NA,NA,NA
ROCALK16c,VROCP3ALKP+NO3,VROCP3ALKP2+NO2,2.3000E-12,CRACMM1,gas,Pye et al. 2023,https://doi.org/10.5194/acp-23-5043-2023,NA,NA,NA
ROCALK17c,VROCP2ALKP+NO3,VROCP2ALKP2+NO2,2.3000E-12,CRACMM1,gas,Pye et al. 2023,https://doi.org/10.5194/acp-23-5043-2023,NA,NA,NA
ROCALK18c,VROCP1ALKP+NO3,VROCP1ALKP2+NO2,2.3000E-12,CRACMM1,gas,Pye et al. 2023,https://doi.org/10.5194/acp-23-5043-2023,NA,NA,NA
HC1003,HC10P+NO3,HC10P2+NO2,2.3000E-12,CRACMM1,gas,Pye et al. 2023,https://doi.org/10.5194/acp-23-5043-2023,NA,NA,NA
ROCALK19c,VROCP6ALKP+HO2,VROCP3OXY2,2.1700E-11,CRACMM1,gas,Pye et al. 2023,https://doi.org/10.5194/acp-23-5043-2023,NA,NA,NA
ROCALK20c,VROCP5ALKP+HO2,VROCP2OXY2,2.2000E-11,CRACMM1,gas,Pye et al. 2023,https://doi.org/10.5194/acp-23-5043-2023,NA,NA,NA
ROCALK21c,VROCP4ALKP+HO2,VROCP1OXY1,2.2500E-11,CRACMM1,gas,Pye et al. 2023,https://doi.org/10.5194/acp-23-5043-2023,NA,NA,NA
ROCALK22c,VROCP3ALKP+HO2,VROCP0OXY2,2.2600E-11,CRACMM1,gas,Pye et al. 2023,https://doi.org/10.5194/acp-23-5043-2023,NA,NA,NA
ROCALK23c,VROCP2ALKP+HO2,VROCN1OXY1,2.2700E-11,CRACMM1,gas,Pye et al. 2023,https://doi.org/10.5194/acp-23-5043-2023,NA,NA,NA
ROCALK24c,VROCP1ALKP+HO2,VROCN2OXY2,2.2700E-11,CRACMM1,gas,Pye et al. 2023,https://doi.org/10.5194/acp-23-5043-2023,NA,NA,NA
HC1004,HC10P+HO2,OP2,2.6600E-13*exp(1.3000E+03/T),CRACMM1,gas,Pye et al. 2023,https://doi.org/10.5194/acp-23-5043-2023,NA,NA,NA
ROCALK25c,VROCP6ALKP2,HO2+VROCP3OXY2,1.8800E-01,CRACMM1,gas,Pye et al. 2023,https://doi.org/10.5194/acp-23-5043-2023,NA,NA,NA
ROCALK26c,VROCP5ALKP2,HO2+VROCP2OXY2,1.8800E-01,CRACMM1,gas,Pye et al. 2023,https://doi.org/10.5194/acp-23-5043-2023,NA,NA,NA
ROCALK27c,VROCP4ALKP2,HO2+VROCP1OXY1,1.8800E-01,CRACMM1,gas,Pye et al. 2023,https://doi.org/10.5194/acp-23-5043-2023,NA,NA,NA
ROCALK28c,VROCP3ALKP2,HO2+VROCP0OXY2,1.8800E-01,CRACMM1,gas,Pye et al. 2023,https://doi.org/10.5194/acp-23-5043-2023,NA,NA,NA
ROCALK29c,VROCP2ALKP2,HO2+VROCN1OXY1,1.8800E-01,CRACMM1,gas,Pye et al. 2023,https://doi.org/10.5194/acp-23-5043-2023,NA,NA,NA
ROCALK30c,VROCP1ALKP2,HO2+VROCN2OXY2,1.8800E-01,CRACMM1,gas,Pye et al. 2023,https://doi.org/10.5194/acp-23-5043-2023,NA,NA,NA
HC1005,HC10P2,HO2+VROCP4OXY2,1.8800E-01,CRACMM1,gas,Pye et al. 2023,https://doi.org/10.5194/acp-23-5043-2023,NA,NA,NA
ROCALK31c,VROCP6ALKP2+NO,0.14000*VROCP2OXY2+0.86000*NO2+0.86000*VROCP3OXY2+0.86000*HO2,2.7000E-12*exp(3.6000E+02/T),CRACMM1,gas,Pye et al. 2023,https://doi.org/10.5194/acp-23-5043-2023,NA,NA,NA
ROCALK32c,VROCP5ALKP2+NO,0.14000*VROCP1OXY3+0.86000*NO2+0.86000*VROCP2OXY2+0.86000*HO2,2.7000E-12*exp(3.6000E+02/T),CRACMM1,gas,Pye et al. 2023,https://doi.org/10.5194/acp-23-5043-2023,NA,NA,NA
ROCALK33c,VROCP4ALKP2+NO,0.14000*VROCP0OXY2+0.86000*NO2+0.86000*VROCP1OXY1+0.86000*HO2,2.7000E-12*exp(3.6000E+02/T),CRACMM1,gas,Pye et al. 2023,https://doi.org/10.5194/acp-23-5043-2023,NA,NA,NA
ROCALK34c,VROCP3ALKP2+NO,0.14000*VROCN1OXY1+0.86000*NO2+0.86000*VROCP0OXY2+0.86000*HO2,2.7000E-12*exp(3.6000E+02/T),CRACMM1,gas,Pye et al. 2023,https://doi.org/10.5194/acp-23-5043-2023,NA,NA,NA
ROCALK35c,VROCP2ALKP2+NO,0.14000*VROCN2OXY2+0.86000*NO2+0.86000*VROCN1OXY1+0.86000*HO2,2.7000E-12*exp(3.6000E+02/T),CRACMM1,gas,Pye et al. 2023,https://doi.org/10.5194/acp-23-5043-2023,NA,NA,NA
ROCALK36c,VROCP1ALKP2+NO,VROCN2OXY2+0.86000*NO2+0.86000*HO2,2.7000E-12*exp(3.6000E+02/T),CRACMM1,gas,Pye et al. 2023,https://doi.org/10.5194/acp-23-5043-2023,NA,NA,NA
HC1006,HC10P2+NO,0.12000*ONIT+0.88000*NO2+0.88000*KET+0.88000*HO2,2.7000E-12*exp(3.6000E+02/T),CRACMM1,gas,Pye et al. 2023,https://doi.org/10.5194/acp-23-5043-2023,NA,NA,NA
ROCALK37c,VROCP6ALKP2+NO3,NO2+VROCP3OXY2+HO2,2.3000E-12,CRACMM1,gas,Pye et al. 2023,https://doi.org/10.5194/acp-23-5043-2023,NA,NA,NA
ROCALK38c,VROCP5ALKP2+NO3,NO2+VROCP2OXY2+HO2,2.3000E-12,CRACMM1,gas,Pye et al. 2023,https://doi.org/10.5194/acp-23-5043-2023,NA,NA,NA
ROCALK39c,VROCP4ALKP2+NO3,NO2+VROCP1OXY1+HO2,2.3000E-12,CRACMM1,gas,Pye et al. 2023,https://doi.org/10.5194/acp-23-5043-2023,NA,NA,NA
ROCALK40c,VROCP3ALKP2+NO3,NO2+VROCP0OXY2+HO2,2.3000E-12,CRACMM1,gas,Pye et al. 2023,https://doi.org/10.5194/acp-23-5043-2023,NA,NA,NA
ROCALK41c,VROCP2ALKP2+NO3,NO2+VROCN1OXY1+HO2,2.3000E-12,CRACMM1,gas,Pye et al. 2023,https://doi.org/10.5194/acp-23-5043-2023,NA,NA,NA
ROCALK42c,VROCP1ALKP2+NO3,NO2+VROCN2OXY2+HO2,2.3000E-12,CRACMM1,gas,Pye et al. 2023,https://doi.org/10.5194/acp-23-5043-2023,NA,NA,NA
HC1007,HC10P2+NO3,NO2+KET+HO2,2.3000E-12,CRACMM1,gas,Pye et al. 2023,https://doi.org/10.5194/acp-23-5043-2023,NA,NA,NA
ROCALK43c,VROCP6ALKP2+HO2,VROCP1OXY3,2.1700E-11,CRACMM1,gas,Pye et al. 2023,https://doi.org/10.5194/acp-23-5043-2023,NA,NA,NA
ROCALK44c,VROCP5ALKP2+HO2,VROCP0OXY2,2.2000E-11,CRACMM1,gas,Pye et al. 2023,https://doi.org/10.5194/acp-23-5043-2023,NA,NA,NA
ROCALK45c,VROCP4ALKP2+HO2,VROCN1OXY1,2.2500E-11,CRACMM1,gas,Pye et al. 2023,https://doi.org/10.5194/acp-23-5043-2023,NA,NA,NA
ROCALK46c,VROCP3ALKP2+HO2,VROCN2OXY2,2.2600E-11,CRACMM1,gas,Pye et al. 2023,https://doi.org/10.5194/acp-23-5043-2023,NA,NA,NA
ROCALK47c,VROCP2ALKP2+HO2,VROCN2OXY2,2.2700E-11,CRACMM1,gas,Pye et al. 2023,https://doi.org/10.5194/acp-23-5043-2023,NA,NA,NA
ROCALK48c,VROCP1ALKP2+HO2,VROCN2OXY2,2.2700E-11,CRACMM1,gas,Pye et al. 2023,https://doi.org/10.5194/acp-23-5043-2023,NA,NA,NA
HC1008,HC10P2+HO2,VROCP2OXY2,2.6600E-13*exp(1.3000E+03/T),CRACMM1,gas,Pye et al. 2023,https://doi.org/10.5194/acp-23-5043-2023,NA,NA,NA
ROCARO01,VROCP6ARO+HO,0.84000*VROCP6AROP+0.16000*HO2+0.16000*VROCP4OXY2,1.8100E-11,CRACMM1,gas,Pye et al. 2023,https://doi.org/10.5194/acp-23-5043-2023,NA,NA,NA
ROCARO02,VROCP6AROP+HO2,0.05950*VROCP4OXY2+0.90480*VROCP1OXY3+0.03570*VROCN2OXY4,2.9100E-13*exp(1.3000E+03/T),CRACMM1,gas,Pye et al. 2023,https://doi.org/10.5194/acp-23-5043-2023,NA,NA,NA
ROCARO03,VROCP6AROP+NO,0.00010*VROCP4OXY2+0.00180*VROCP2OXY2+0.00010*VROCN1OXY3+0.99800*NO2+0.99800*HO2+0.05940*BALD+0.46930*GLY+0.46930*MGLY+0.46930*FURANONE+0.46930*DCB2,2.7000E-12*exp(3.6000E+02/T),CRACMM1,gas,Pye et al. 2023,https://doi.org/10.5194/acp-23-5043-2023,NA,NA,NA
ROCARO04,VROCP6AROP+NO3,NO2+0.94050*HO2+0.05950*BALD+0.47020*GLY+0.47020*MGLY+0.47020*FURANONE+0.47020*DCB2,2.3000E-12,CRACMM1,gas,Pye et al. 2023,https://doi.org/10.5194/acp-23-5043-2023,NA,NA,NA
ROCARO05,VROCP6AROP+MO2,0.68000*HCHO+1.31050*HO2+0.32000*MOH+0.05950*BALD+0.47020*GLY+0.47020*MGLY+0.47020*FURANONE+0.47020*DCB2,3.5600E-14*exp(7.0800E+02/T),CRACMM1,gas,Pye et al. 2023,https://doi.org/10.5194/acp-23-5043-2023,NA,NA,NA
ROCARO06,VROCP6AROP+ACO3,0.70000*MO2+0.94050*HO2+0.30000*ORA2+0.05950*BALD+0.47020*GLY+0.47020*MGLY+0.47020*FURANONE+0.47020*DCB2,7.4000E-13*exp(7.6500E+02/T),CRACMM1,gas,Pye et al. 2023,https://doi.org/10.5194/acp-23-5043-2023,NA,NA,NA
ROCARO11,VROCP5ARO+HO,0.84000*VROCP5AROP+0.16000*HO2+0.16000*VROCP3OXY2,1.8100E-11,CRACMM1,gas,Pye et al. 2023,https://doi.org/10.5194/acp-23-5043-2023,NA,NA,NA
ROCARO12,VROCP5AROP+HO2,0.05950*VROCP3OXY2+0.90480*VROCP0OXY2+0.03570*VROCN2OXY4,2.9100E-13*exp(1.3000E+03/T),CRACMM1,gas,Pye et al. 2023,https://doi.org/10.5194/acp-23-5043-2023,NA,NA,NA
ROCARO13,VROCP5AROP+NO,0.00010*VROCP3OXY2+0.00180*VROCP1OXY3+0.00010*VROCN2OXY4+0.99800*NO2+0.99800*HO2+0.05940*VROCP4OXY2+0.46930*GLY+0.46930*MGLY+0.46930*FURANONE+0.46930*DCB2,2.7000E-12*exp(3.6000E+02/T),CRACMM1,gas,Pye et al. 2023,https://doi.org/10.5194/acp-23-5043-2023,NA,NA,NA
ROCARO14,VROCP5AROP+NO3,NO2+0.94050*HO2+0.05950*VROCP4OXY2+0.47020*GLY+0.47020*MGLY+0.47020*FURANONE+0.47020*DCB2,2.3000E-12,CRACMM1,gas,Pye et al. 2023,https://doi.org/10.5194/acp-23-5043-2023,NA,NA,NA
ROCARO15,VROCP5AROP+MO2,0.68000*HCHO+1.31050*HO2+0.32000*MOH+0.05950*VROCP4OXY2+0.47020*GLY+0.47020*MGLY+0.47020*FURANONE+0.47020*DCB2,3.5600E-14*exp(7.0800E+02/T),CRACMM1,gas,Pye et al. 2023,https://doi.org/10.5194/acp-23-5043-2023,NA,NA,NA
ROCARO16,VROCP5AROP+ACO3,0.70000*MO2+0.94050*HO2+0.30000*ORA2+0.05950*VROCP4OXY2+0.47020*GLY+0.47020*MGLY+0.47020*FURANONE+0.47020*DCB2,7.4000E-13*exp(7.6500E+02/T),CRACMM1,gas,Pye et al. 2023,https://doi.org/10.5194/acp-23-5043-2023,NA,NA,NA
ROCARO21,NAPH+HO,0.84000*NAPHP+0.16000*HO2+0.16000*VROCP3OXY2,2.3100E-11,CRACMM1,gas,Pye et al. 2023,https://doi.org/10.5194/acp-23-5043-2023,NA,NA,NA
ROCARO22,NAPHP+HO2,0.05950*VROCP3OXY2+0.90480*VROCP1OXY3+0.03570*VROCN2OXY8,2.9100E-13*exp(1.3000E+03/T),CRACMM1,gas,Pye et al. 2023,https://doi.org/10.5194/acp-23-5043-2023,NA,NA,NA
ROCARO23,NAPHP+NO,0.05950*VROCP4OXY2+0.00180*VROCP2OXY2+0.00010*VROCN2OXY8+0.99800*NO2+0.99800*HO2+0.46930*GLY+0.46930*MGLY+0.46930*FURANONE+0.46930*DCB2,2.7000E-12*exp(3.6000E+02/T),CRACMM1,gas,Pye et al. 2023,https://doi.org/10.5194/acp-23-5043-2023,NA,NA,NA
ROCARO24,NAPHP+NO3,NO2+0.94050*HO2+0.05950*VROCP4OXY2+0.47020*GLY+0.47020*MGLY+0.47020*FURANONE+0.47020*DCB2,2.3000E-12,CRACMM1,gas,Pye et al. 2023,https://doi.org/10.5194/acp-23-5043-2023,NA,NA,NA
ROCARO25,NAPHP+MO2,0.68000*HCHO+1.31050*HO2+0.32000*MOH+0.05950*VROCP4OXY2+0.47020*GLY+0.47020*MGLY+0.47020*FURANONE+0.47020*DCB2,3.5600E-14*exp(7.0800E+02/T),CRACMM1,gas,Pye et al. 2023,https://doi.org/10.5194/acp-23-5043-2023,NA,NA,NA
ROCARO26,NAPHP+ACO3,0.70000*MO2+0.94050*HO2+0.30000*ORA2+0.05950*VROCP4OXY2+0.47020*GLY+0.47020*MGLY+0.47020*FURANONE+0.47020*DCB2,7.4000E-13*exp(7.6500E+02/T),CRACMM1,gas,Pye et al. 2023,https://doi.org/10.5194/acp-23-5043-2023,NA,NA,NA
ROCOXY1c,VROCN2OXY8+HO,HO+0.08540*VROCN2OXY8+0.25810*DCB1+0.25810*MEK+0.25810*ACD+0.25810*ALD+0.25810*MO2+0.25810*ETHP+0.25810*HC3P+0.25810*MEKP,5.9000E-11,CRACMM1,gas,Pye et al. 2023,https://doi.org/10.5194/acp-23-5043-2023,NA,NA,NA
ROCOXY2c,VROCN2OXY4+HO,HO+0.46400*VROCN2OXY8+0.19770*VROCN2OXY4+0.01210*VROCN1OXY6+0.01520*VROCN1OXY3+0.06240*VROCP0OXY4+0.03880*VROCP1OXY3+0.04910*VROCP2OXY2+0.03980*VROCP3OXY2+0.01830*VROCP4OXY2+0.03080*VOP3+0.00400*OP2+0.07940*DCB1+0.07940*MEK+0.07940*KET+0.07940*ACD+0.07940*ALD+0.07940*MO2+0.07940*ETHP+0.07940*HC3P+0.07940*MEKP+0.07940*HC5P+0.07940*KETP,6.0700E-11,CRACMM1,gas,Pye et al. 2023,https://doi.org/10.5194/acp-23-5043-2023,NA,NA,NA
ROCOXY3c,VROCN2OXY2+HO,HO+0.10410*VROCN2OXY8+0.56380*VROCN2OXY4+0.21410*VROCN2OXY2+0.01530*VROCN1OXY6+0.02980*VROCN1OXY3+0.00960*VROCN1OXY1+0.01890*VROCP0OXY4+0.04560*VROCP0OXY2+0.03140*VROCP1OXY3+0.01990*VROCP1OXY1+0.04590*VROCP2OXY2+0.04520*VROCP3OXY2+0.04550*VROCP4OXY2+0.03250*VROCP5OXY1+0.03690*VROCP6OXY1+0.00260*VOP3+0.03900*DCB1+0.03900*HKET+0.03900*MEK+0.03900*ACD+0.03900*ALD+0.03900*MO2+0.03900*ETHP+0.03900*HC3P+0.03900*MEKP+0.09250*HC5P,5.5400E-11,CRACMM1,gas,Pye et al. 2023,https://doi.org/10.5194/acp-23-5043-2023,NA,NA,NA
ROCOXY4c,VROCN1OXY6+HO,HO+0.20360*VROCN2OXY8+0.00710*VROCN2OXY4+0.18400*DCB1+0.18400*MEK+0.18400*KET+0.18400*ACD+0.18400*ALD+0.18400*MO2+0.18400*ETHP+0.18400*HC3P+0.18400*MEKP+0.18400*HC5P,5.6300E-11,CRACMM1,gas,Pye et al. 2023,https://doi.org/10.5194/acp-23-5043-2023,NA,NA,NA
ROCOXY5c,VROCN1OXY3+HO,HO+0.27920*VROCN2OXY8+0.40250*VROCN2OXY4+0.00880*VROCN2OXY2+0.03190*VROCN1OXY6+0.00760*VROCN1OXY3+0.01940*VROCP0OXY4+0.01040*VROCP0OXY2+0.05100*VROCP1OXY3+0.00750*VROCP1OXY1+0.05120*VROCP2OXY2+0.04620*VROCP3OXY2+0.05120*VROCP4OXY2+0.01380*VROCP5OXY1+0.01350*OP2+0.06460*DCB1+0.06460*HKET+0.06460*MEK+0.06460*ACD+0.06460*ALD+0.06460*MO2+0.06460*ETHP+0.06460*HC3P+0.06460*MEKP+0.17530*HC5P,5.4600E-11,CRACMM1,gas,Pye et al. 2023,https://doi.org/10.5194/acp-23-5043-2023,NA,NA,NA
ROCOXY6c,VROCN1OXY1+HO,HO+0.00740*VROCN2OXY8+0.11900*VROCN2OXY4+0.72610*VROCN2OXY2+0.01220*VROCN1OXY6+0.03050*VROCN1OXY3+0.00700*VROCN1OXY1+0.02910*VROCP0OXY4+0.04540*VROCP0OXY2+0.02340*VROCP1OXY3+0.03520*VROCP1OXY1+0.06240*VROCP2OXY2+0.05180*VROCP3OXY2+0.05090*VROCP4OXY2+0.03470*VROCP5OXY1+0.07480*VROCP6OXY1+0.01630*VOP3+0.00620*OP2+0.02440*DCB1+0.02440*HKET+0.02440*MEK+0.02440*ACD+0.02440*ALD+0.02440*MO2+0.02440*ETHP+0.02440*HC3P+0.02440*MEKP+0.05370*HC5P,4.5000E-11,CRACMM1,gas,Pye et al. 2023,https://doi.org/10.5194/acp-23-5043-2023,NA,NA,NA
ROCOXY7c,VROCP0OXY4+HO,HO+0.28220*VROCN2OXY8+0.11650*VROCN2OXY4+0.03200*VROCN1OXY6+0.01830*VROCN1OXY3+0.00110*VROCP0OXY4+0.06600*VROCP2OXY2+0.05350*VROCP3OXY2+0.02460*VROCP4OXY2+0.00540*OP2+0.10680*DCB1+0.10680*MEK+0.10680*KET+0.10680*ACD+0.10680*ALD+0.10680*MO2+0.10680*ETHP+0.10680*HC3P+0.10680*MEKP+0.10680*HC5P+0.10680*KETP,5.1700E-11,CRACMM1,gas,Pye et al. 2023,https://doi.org/10.5194/acp-23-5043-2023,NA,NA,NA
ROCOXY8c,VROCP0OXY2+HO,HO+0.06590*VROCN2OXY8+0.45790*VROCN2OXY4+0.11560*VROCN2OXY2+0.03250*VROCN1OXY6+0.06570*VROCN1OXY3+0.00460*VROCN1OXY1+0.03070*VROCP0OXY4+0.00240*VROCP0OXY2+0.03950*VROCP1OXY3+0.02150*VROCP1OXY1+0.05390*VROCP2OXY2+0.05160*VROCP3OXY2+0.05190*VROCP4OXY2+0.03710*VROCP5OXY1+0.04210*VROCP6OXY1+0.01050*VOP3+0.04450*DCB1+0.04450*HKET+0.04450*MEK+0.04450*ACD+0.04450*ALD+0.04450*MO2+0.04450*ETHP+0.04450*HC3P+0.04450*MEKP+0.10550*HC5P,4.7300E-11,CRACMM1,gas,Pye et al. 2023,https://doi.org/10.5194/acp-23-5043-2023,NA,NA,NA
ROCOXY9c,VROCP1OXY3+HO,HO+0.17780*VROCN2OXY8+0.19240*VROCN2OXY4+0.00040*VROCN2OXY2+0.07400*VROCN1OXY6+0.04520*VROCN1OXY3+0.06310*VROCP0OXY4+0.00070*VROCP0OXY2+0.00060*VROCP1OXY3+0.02270*VROCP2OXY2+0.05850*VROCP3OXY2+0.06490*VROCP4OXY2+0.01740*VROCP5OXY1+0.01540*VOP3+0.01700*OP2+0.08180*DCB1+0.08180*HKET+0.08180*MEK+0.08180*ACD+0.08180*ALD+0.08180*MO2+0.08180*ETHP+0.08180*HC3P+0.08180*MEKP+0.22200*HC5P,4.6000E-11,CRACMM1,gas,Pye et al. 2023,https://doi.org/10.5194/acp-23-5043-2023,NA,NA,NA
ROCOXY10c,VROCP1OXY1+HO,HO+0.00230*VROCN2OXY8+0.13400*VROCN2OXY4+0.33490*VROCN2OXY2+0.00800*VROCN1OXY6+0.11930*VROCN1OXY3+0.07580*VROCN1OXY1+0.02920*VROCP0OXY4+0.07660*VROCP0OXY2+0.02770*VROCP1OXY3+0.01180*VROCP1OXY1+0.06510*VROCP2OXY2+0.07090*VROCP3OXY2+0.06680*VROCP4OXY2+0.04230*VROCP5OXY1+0.09110*VROCP6OXY1+0.00660*VOP3+0.00250*OP2+0.02970*DCB1+0.02970*HKET+0.02970*MEK+0.02970*ACD+0.02970*ALD+0.02970*MO2+0.02970*ETHP+0.02970*HC3P+0.02970*MEKP+0.06540*HC5P,3.8000E-11,CRACMM1,gas,Pye et al. 2023,https://doi.org/10.5194/acp-23-5043-2023,NA,NA,NA
ROCOXY11c,VROCP2OXY2+HO,HO+0.04450*VROCN2OXY8+0.17260*VROCN2OXY4+0.01040*VROCN2OXY2+0.05130*VROCN1OXY6+0.11180*VROCN1OXY3+0.00130*VROCN1OXY1+0.13370*VROCP0OXY4+0.04030*VROCP0OXY2+0.05110*VROCP1OXY3+0.00680*VROCP1OXY1+0.02360*VROCP2OXY2+0.02930*VROCP3OXY2+0.07330*VROCP4OXY2+0.05230*VROCP5OXY1+0.05950*VROCP6OXY1+0.00410*VOP3+0.00230*OP2+0.06280*DCB1+0.06280*HKET+0.06280*MEK+0.06280*ACD+0.06280*ALD+0.06280*MO2+0.06280*ETHP+0.06280*HC3P+0.06280*MEKP+0.14890*HC5P,3.9300E-11,CRACMM1,gas,Pye et al. 2023,https://doi.org/10.5194/acp-23-5043-2023,NA,NA,NA
ROCOXY12c,VROCP3OXY2+HO,HO+0.03170*VROCN2OXY8+0.07650*VROCN2OXY4+0.00090*VROCN2OXY2+0.05260*VROCN1OXY6+0.04890*VROCN1OXY3+0.15500*VROCP0OXY4+0.01550*VROCP0OXY2+0.10510*VROCP1OXY3+0.00130*VROCP1OXY1+0.05350*VROCP2OXY2+0.00860*VROCP3OXY2+0.04260*VROCP4OXY2+0.05820*VROCP5OXY1+0.06610*VROCP6OXY1+0.05060*VOP3+0.01140*OP2+0.06980*DCB1+0.06980*HKET+0.06980*MEK+0.06980*ACD+0.06980*ALD+0.06980*MO2+0.06980*ETHP+0.06980*HC3P+0.06980*MEKP+0.16560*HC5P,3.5200E-11,CRACMM1,gas,Pye et al. 2023,https://doi.org/10.5194/acp-23-5043-2023,NA,NA,NA
ROCOXY13c,VROCP4OXY2+HO,HO+0.01170*VROCN2OXY8+0.01670*VROCN2OXY4+0.04800*VROCN1OXY6+0.02460*VROCN1OXY3+0.08810*VROCP0OXY4+0.09160*VROCP1OXY3+0.00730*VROCP1OXY1+0.09720*VROCP2OXY2+0.04560*VROCP3OXY2+0.00240*VROCP4OXY2+0.04790*VROCP5OXY1+0.07450*VROCP6OXY1+0.06070*VOP3+0.01550*OP2+0.07860*DCB1+0.07860*HKET+0.07860*MEK+0.07860*ACD+0.07860*ALD+0.07860*MO2+0.07860*ETHP+0.07860*HC3P+0.07860*MEKP+0.17300*HC5P,3.1200E-11,CRACMM1,gas,Pye et al. 2023,https://doi.org/10.5194/acp-23-5043-2023,NA,NA,NA
ROCOXY14c,VROCP5OXY1+HO,HO+0.01030*VROCN2OXY4+0.00060*VROCN2OXY2+0.00900*VROCN1OXY6+0.01460*VROCN1OXY3+0.07020*VROCP0OXY4+0.01530*VROCP0OXY2+0.10380*VROCP1OXY3+0.00310*VROCP1OXY1+0.16500*VROCP2OXY2+0.15660*VROCP3OXY2+0.07240*VROCP4OXY2+0.00620*VROCP5OXY1+0.13980*VROCP6OXY1+0.02160*VOP3+0.03840*OP2+0.05260*DCB1+0.05260*HKET+0.05260*MEK+0.05260*ACD+0.05260*ALD+0.05260*MO2+0.05260*ETHP+0.05260*HC3P+0.05260*MEKP+0.12800*HC5P,2.4000E-11,CRACMM1,gas,Pye et al. 2023,https://doi.org/10.5194/acp-23-5043-2023,NA,NA,NA
ROCOXY15c,VROCP6OXY1+HO,HO+0.00610*VROCN1OXY6+0.00490*VROCN1OXY3+0.02240*VROCP0OXY4+0.05030*VROCP1OXY3+0.00220*VROCP1OXY1+0.08790*VROCP2OXY2+0.13840*VROCP3OXY2+0.14630*VROCP4OXY2+0.04320*VROCP5OXY1+0.09570*VROCP6OXY1+0.03160*VOP3+0.05850*OP2+0.05710*DCB1+0.05710*HKET+0.05710*MEK+0.05710*ACD+0.05710*ALD+0.05710*MO2+0.05710*ETHP+0.05710*HC3P+0.05710*MEKP+0.15440*HC5P,2.0500E-11,CRACMM1,gas,Pye et al. 2023,https://doi.org/10.5194/acp-23-5043-2023,NA,NA,NA
ROCOXY16c,VOP3+HO,HO+0.11880*VROCN2OXY8+0.00080*VROCN2OXY4+0.03900*VROCN1OXY6+0.01140*VROCP0OXY4+0.22660*DCB1+0.22660*MEK+0.22660*ACD+0.22660*ALD+0.22660*MO2+0.22660*ETHP+0.22660*HC3P+0.22660*MEKP,4.6900E-11,CRACMM1,gas,Pye et al. 2023,https://doi.org/10.5194/acp-23-5043-2023,NA,NA,NA
R364,ECH4+HO,MO2,2.4500E-12*exp(-1.7750E+03/T),CRACMM2,gas,Skipper et al. 2024,https://doi.org/10.5194/acp-24-12903-2024,,,Emitted methane (ECH4) is tracked separately to account for effects of methane emissions on top of the global average background methane (set to 1850 ppb in CMAQ by default).
TRP58,ATRPNJ,AHOMJ+HNO3,9.2600E-05,CRACMM2,particle,Skipper et al. 2024,https://doi.org/10.5194/acp-24-12903-2024,Pye et al. 2015,https://doi.org/10.1021/acs.est.5b03738,ATRPN and AHONIT are expected to undergo hydrolysis with a 3-h lifetime based on Pye et al. (2015).
TRP59,AHONITJ,AHOMJ+HNO3,9.2600E-05,CRACMM2,particle,Skipper et al. 2024,https://doi.org/10.5194/acp-24-12903-2024,Pye et al. 2015,https://doi.org/10.1021/acs.est.5b03738,ATRPN and AHONIT are expected to undergo hydrolysis with a 3-h lifetime based on Pye et al. (2015).
ROCARO71,STY+HO,STYP,5.8000E-11,CRACMM2,gas,Skipper et al. 2024,https://doi.org/10.5194/acp-24-12903-2024,Jenkin et al. 2003,https://doi.org/10.5194/acp-3-181-2003,Styrene chemistry is adopted from MCM for CRACMM2.
ROCARO72,STYP+HO2,VROCP3OXY2,2.9100E-12*exp(1.3000E+03/T),CRACMM2,gas,Skipper et al. 2024,https://doi.org/10.5194/acp-24-12903-2024,Jenkin et al. 2003,https://doi.org/10.5194/acp-3-181-2003,"1. Styrene chemistry is adopted from MCM for CRACMM2.
2. MCM predicts a peroxide formed from the reaction of the styrene peroxy radical with HO2. In CRACMM2, this peroxide is mapped to an oxygenated IVOC with C*=103 microg/m3 and O:C=0.2 (CRACMM species VROCP3OXY2)."
ROCARO73,STYP+NO,NO2+HO2+HCHO+BALD,2.7000E-12*exp(3.6000E+02/T),CRACMM2,gas,Skipper et al. 2024,https://doi.org/10.5194/acp-24-12903-2024,Jenkin et al. 2003,https://doi.org/10.5194/acp-3-181-2003,Styrene chemistry is adopted from MCM for CRACMM2.
ROCARO74,STYP+NO3,NO2+HO2+HCHO+BALD,2.3000E-12,CRACMM2,gas,Skipper et al. 2024,https://doi.org/10.5194/acp-24-12903-2024,Jenkin et al. 2003,https://doi.org/10.5194/acp-3-181-2003,Styrene chemistry is adopted from MCM for CRACMM2.
ROCARO75,STYP+MO2,1.37000*HO2+1.68000*HCHO+BALD+0.32000*MOH,2.5000E-13,CRACMM2,gas,Skipper et al. 2024,https://doi.org/10.5194/acp-24-12903-2024,Jenkin et al. 2003,https://doi.org/10.5194/acp-3-181-2003,Styrene chemistry is adopted from MCM for CRACMM2.
ROCARO76,STYP+ACO3,HO2+HCHO+BALD+0.70000*MO2+0.30000*ORA2,2.5000E-13,CRACMM2,gas,Skipper et al. 2024,https://doi.org/10.5194/acp-24-12903-2024,Jenkin et al. 2003,https://doi.org/10.5194/acp-3-181-2003,Styrene chemistry is adopted from MCM for CRACMM2.
